-- MySQL dump 10.13  Distrib 8.0.41, for Win64 (x86_64)
--
-- Host: localhost    Database: nodejspro
-- ------------------------------------------------------
-- Server version	8.0.41

/*!40101 SET @OLD_CHARACTER_SET_CLIENT=@@CHARACTER_SET_CLIENT */;
/*!40101 SET @OLD_CHARACTER_SET_RESULTS=@@CHARACTER_SET_RESULTS */;
/*!40101 SET @OLD_COLLATION_CONNECTION=@@COLLATION_CONNECTION */;
/*!50503 SET NAMES utf8 */;
/*!40103 SET @OLD_TIME_ZONE=@@TIME_ZONE */;
/*!40103 SET TIME_ZONE='+00:00' */;
/*!40014 SET @OLD_UNIQUE_CHECKS=@@UNIQUE_CHECKS, UNIQUE_CHECKS=0 */;
/*!40014 SET @OLD_FOREIGN_KEY_CHECKS=@@FOREIGN_KEY_CHECKS, FOREIGN_KEY_CHECKS=0 */;
/*!40101 SET @OLD_SQL_MODE=@@SQL_MODE, SQL_MODE='NO_AUTO_VALUE_ON_ZERO' */;
/*!40111 SET @OLD_SQL_NOTES=@@SQL_NOTES, SQL_NOTES=0 */;

--
-- Table structure for table `_prisma_migrations`
--

DROP TABLE IF EXISTS `_prisma_migrations`;
/*!40101 SET @saved_cs_client     = @@character_set_client */;
/*!50503 SET character_set_client = utf8mb4 */;
CREATE TABLE `_prisma_migrations` (
  `id` varchar(36) COLLATE utf8mb4_unicode_ci NOT NULL,
  `checksum` varchar(64) COLLATE utf8mb4_unicode_ci NOT NULL,
  `finished_at` datetime(3) DEFAULT NULL,
  `migration_name` varchar(255) COLLATE utf8mb4_unicode_ci NOT NULL,
  `logs` text COLLATE utf8mb4_unicode_ci,
  `rolled_back_at` datetime(3) DEFAULT NULL,
  `started_at` datetime(3) NOT NULL DEFAULT CURRENT_TIMESTAMP(3),
  `applied_steps_count` int unsigned NOT NULL DEFAULT '0',
  PRIMARY KEY (`id`)
) ENGINE=InnoDB DEFAULT CHARSET=utf8mb4 COLLATE=utf8mb4_unicode_ci;
/*!40101 SET character_set_client = @saved_cs_client */;

--
-- Dumping data for table `_prisma_migrations`
--

LOCK TABLES `_prisma_migrations` WRITE;
/*!40000 ALTER TABLE `_prisma_migrations` DISABLE KEYS */;
INSERT INTO `_prisma_migrations` VALUES ('030f4ac6-88ad-4ad4-b90a-e6733efb207f','3ce291717f106af62ca46355153632f72c4d82f253fd35a5a8838c3f02ccd196','2025-10-22 03:16:40.232','20251022031639_init_project',NULL,NULL,'2025-10-22 03:16:39.933',1),('06d06f6b-fd96-4377-82ec-605cf599b904','7c95388d60060e74a26bd7d839d7542ed365b1e095afce0796c471bbb7565984','2025-10-21 02:08:52.950','20251021020852_init',NULL,NULL,'2025-10-21 02:08:52.875',1),('19bee1db-e795-4e83-a144-1db74c30d5a7','7df9652363a32fd00c19cf8935c66df8e08ca40b1ed9983dc9e5695b1c22e941','2025-11-05 13:32:08.122','20251105121320_update_unique','',NULL,'2025-11-05 13:32:08.122',0),('6c1c26b1-b03c-4938-a70c-190c7ae1635b','7df9652363a32fd00c19cf8935c66df8e08ca40b1ed9983dc9e5695b1c22e941',NULL,'20251105121320_update_unique','A migration failed to apply. New migrations cannot be applied before the error is recovered from. Read more about how to resolve migration issues in a production database: https://pris.ly/d/migrate-resolve\n\nMigration name: 20251105121320_update_unique\n\nDatabase error code: 1062\n\nDatabase error:\nDuplicate entry \'acb@gmail.com\' for key \'users.users_username_key\'\n\nPlease check the query number 2 from the migration file.\n\n   0: sql_schema_connector::apply_migration::apply_script\n           with migration_name=\"20251105121320_update_unique\"\n             at schema-engine\\connectors\\sql-schema-connector\\src\\apply_migration.rs:106\n   1: schema_core::commands::apply_migrations::Applying migration\n           with migration_name=\"20251105121320_update_unique\"\n             at schema-engine\\core\\src\\commands\\apply_migrations.rs:91\n   2: schema_core::state::ApplyMigrations\n             at schema-engine\\core\\src\\state.rs:226','2025-11-05 13:32:08.110','2025-11-05 12:13:20.165',0),('86c34523-3aa0-46b8-8948-9edacafbf8c1','f48747257f30aae4d901c5f00dffe23977581b12ffbf3c8acd7e50f0f0543306','2025-11-04 01:32:41.492','20251104013241_update_sold',NULL,NULL,'2025-11-04 01:32:41.335',1),('cb6fcfed-b50e-4f07-a8fa-4ab50f359c90','31a3b7196d8096cddf16181351870033b9b6b4f1f466a43d371edfbce5812126','2025-11-05 13:04:52.954','0_init','',NULL,'2025-11-05 13:04:52.954',0),('e9f3738f-3917-42dc-a463-17f8f1b6cfd6','aaa8716950fcd5fbd46fb689104c75db12c9bc6ec6295aa7e04c8e4ad9be5533','2025-10-29 01:06:12.449','20251029010410_add_role_id',NULL,NULL,'2025-10-29 01:06:12.130',1),('f3c1db7b-8487-4ef9-a0a4-46ce513d15e2','425d02e70877cacfb13c03fd099f03acef2198d945bff1edde5c6633ec2f2eb7','2025-11-04 14:28:25.401','20251104142825_update_detail_desc',NULL,NULL,'2025-11-04 14:28:25.192',1);
/*!40000 ALTER TABLE `_prisma_migrations` ENABLE KEYS */;
UNLOCK TABLES;

--
-- Table structure for table `cart_detail`
--

DROP TABLE IF EXISTS `cart_detail`;
/*!40101 SET @saved_cs_client     = @@character_set_client */;
/*!50503 SET character_set_client = utf8mb4 */;
CREATE TABLE `cart_detail` (
  `id` int NOT NULL AUTO_INCREMENT,
  `price` int NOT NULL,
  `quantity` int NOT NULL,
  `cartID` int NOT NULL,
  `productID` int NOT NULL,
  PRIMARY KEY (`id`),
  KEY `cart_detail_cartID_fkey` (`cartID`),
  KEY `cart_detail_productID_fkey` (`productID`),
  CONSTRAINT `cart_detail_cartID_fkey` FOREIGN KEY (`cartID`) REFERENCES `carts` (`id`) ON DELETE RESTRICT ON UPDATE CASCADE,
  CONSTRAINT `cart_detail_productID_fkey` FOREIGN KEY (`productID`) REFERENCES `products` (`id`) ON DELETE RESTRICT ON UPDATE CASCADE
) ENGINE=InnoDB AUTO_INCREMENT=57 DEFAULT CHARSET=utf8mb4 COLLATE=utf8mb4_unicode_ci;
/*!40101 SET character_set_client = @saved_cs_client */;

--
-- Dumping data for table `cart_detail`
--

LOCK TABLES `cart_detail` WRITE;
/*!40000 ALTER TABLE `cart_detail` DISABLE KEYS */;
INSERT INTO `cart_detail` VALUES (29,18000000,10,12,16),(55,3000000,1,19,9),(56,3000000,1,23,9);
/*!40000 ALTER TABLE `cart_detail` ENABLE KEYS */;
UNLOCK TABLES;

--
-- Table structure for table `carts`
--

DROP TABLE IF EXISTS `carts`;
/*!40101 SET @saved_cs_client     = @@character_set_client */;
/*!50503 SET character_set_client = utf8mb4 */;
CREATE TABLE `carts` (
  `id` int NOT NULL AUTO_INCREMENT,
  `sum` int NOT NULL,
  `userID` int NOT NULL,
  PRIMARY KEY (`id`),
  UNIQUE KEY `carts_userID_key` (`userID`),
  CONSTRAINT `carts_userID_fkey` FOREIGN KEY (`userID`) REFERENCES `users` (`id`) ON DELETE RESTRICT ON UPDATE CASCADE
) ENGINE=InnoDB AUTO_INCREMENT=24 DEFAULT CHARSET=utf8mb4 COLLATE=utf8mb4_unicode_ci;
/*!40101 SET character_set_client = @saved_cs_client */;

--
-- Dumping data for table `carts`
--

LOCK TABLES `carts` WRITE;
/*!40000 ALTER TABLE `carts` DISABLE KEYS */;
INSERT INTO `carts` VALUES (12,10,31),(19,1,32),(23,1,29);
/*!40000 ALTER TABLE `carts` ENABLE KEYS */;
UNLOCK TABLES;

--
-- Table structure for table `order_detail`
--

DROP TABLE IF EXISTS `order_detail`;
/*!40101 SET @saved_cs_client     = @@character_set_client */;
/*!50503 SET character_set_client = utf8mb4 */;
CREATE TABLE `order_detail` (
  `id` int NOT NULL AUTO_INCREMENT,
  `price` int NOT NULL,
  `quantity` int NOT NULL,
  `orderID` int NOT NULL,
  `productID` int NOT NULL,
  PRIMARY KEY (`id`),
  KEY `order_detail_orderID_fkey` (`orderID`),
  KEY `order_detail_productID_fkey` (`productID`),
  CONSTRAINT `order_detail_orderID_fkey` FOREIGN KEY (`orderID`) REFERENCES `orders` (`id`) ON DELETE RESTRICT ON UPDATE CASCADE,
  CONSTRAINT `order_detail_productID_fkey` FOREIGN KEY (`productID`) REFERENCES `products` (`id`) ON DELETE RESTRICT ON UPDATE CASCADE
) ENGINE=InnoDB AUTO_INCREMENT=51 DEFAULT CHARSET=utf8mb4 COLLATE=utf8mb4_unicode_ci;
/*!40101 SET character_set_client = @saved_cs_client */;

--
-- Dumping data for table `order_detail`
--

LOCK TABLES `order_detail` WRITE;
/*!40000 ALTER TABLE `order_detail` DISABLE KEYS */;
INSERT INTO `order_detail` VALUES (1,48000000,1,1,10),(2,3000000,2,1,9),(3,18000000,3,1,16),(4,15000000,2,2,8),(5,3000000,1,2,9),(6,48000000,5,3,10),(7,15000000,1,4,8),(8,3000000,1,5,9),(9,38000000,1,6,7),(10,11000000,4,7,13),(11,48000000,1,8,10),(12,15000000,2,8,11),(13,11000000,2,8,13),(14,18000000,1,8,16),(15,15000000,2,9,8),(16,11000000,1,9,13),(17,15000000,2,10,11),(18,16000000,1,10,33),(19,15000000,1,10,8),(20,10000000,1,10,28),(21,37000000,1,10,27),(22,18500000,2,10,32),(23,11000000,1,10,13),(24,22790000,1,10,30),(25,48000000,1,10,10),(26,136000000,1,10,26),(27,3000000,5,11,9),(28,38900000,2,12,21),(29,11000000,3,13,13),(30,48000000,1,14,10),(31,48000000,1,15,10),(32,3000000,1,15,9),(33,15500000,1,16,50),(34,23900000,1,16,48),(35,11000000,1,17,13),(36,36800000,2,17,7),(37,11000000,1,18,13),(38,36800000,2,18,7),(39,11000000,1,19,13),(40,36800000,2,19,7),(41,15500000,2,20,50),(42,23900000,2,20,48),(43,15500000,2,21,50),(44,23900000,2,21,48),(45,15500000,2,22,50),(46,23900000,2,22,48),(47,15500000,2,23,50),(48,23900000,2,23,48),(49,3000000,1,24,9),(50,3000000,1,25,9);
/*!40000 ALTER TABLE `order_detail` ENABLE KEYS */;
UNLOCK TABLES;

--
-- Table structure for table `orders`
--

DROP TABLE IF EXISTS `orders`;
/*!40101 SET @saved_cs_client     = @@character_set_client */;
/*!50503 SET character_set_client = utf8mb4 */;
CREATE TABLE `orders` (
  `id` int NOT NULL AUTO_INCREMENT,
  `totalPrice` int NOT NULL,
  `paymentMethod` varchar(191) COLLATE utf8mb4_unicode_ci NOT NULL,
  `paymentRef` varchar(191) COLLATE utf8mb4_unicode_ci DEFAULT NULL,
  `paymentStatus` varchar(191) COLLATE utf8mb4_unicode_ci NOT NULL,
  `receiverAddress` varchar(255) COLLATE utf8mb4_unicode_ci NOT NULL,
  `receiverName` varchar(255) COLLATE utf8mb4_unicode_ci NOT NULL,
  `receiverPhone` varchar(255) COLLATE utf8mb4_unicode_ci NOT NULL,
  `status` varchar(191) COLLATE utf8mb4_unicode_ci NOT NULL DEFAULT 'PENDING',
  `userID` int NOT NULL,
  PRIMARY KEY (`id`),
  KEY `orders_userID_fkey` (`userID`),
  CONSTRAINT `orders_userID_fkey` FOREIGN KEY (`userID`) REFERENCES `users` (`id`) ON DELETE RESTRICT ON UPDATE CASCADE
) ENGINE=InnoDB AUTO_INCREMENT=26 DEFAULT CHARSET=utf8mb4 COLLATE=utf8mb4_unicode_ci;
/*!40101 SET character_set_client = @saved_cs_client */;

--
-- Dumping data for table `orders`
--

LOCK TABLES `orders` WRITE;
/*!40000 ALTER TABLE `orders` DISABLE KEYS */;
INSERT INTO `orders` VALUES (1,108000000,'COD',NULL,'PAYMENT_UNPAID','Lương Tài - Bắc Ninh','Đinh Xuân Hiền','091922776','PENDING',29),(2,33000000,'COD',NULL,'PAYMENT_UNPAID','Bắc Giang','Đinh Bộ Lĩnh','01234300894','PENDING',29),(3,240000000,'COD',NULL,'PAYMENT_UNPAID','59 Phạm Văn Đồng, Phường Phú Diễn, Hà Nội','Đặng Phương Anh','0394616671','PENDING',29),(4,15000000,'COD',NULL,'PAYMENT_UNPAID','pvb','hien','12221','PENDING',29),(5,3000000,'COD',NULL,'PAYMENT_UNPAID','123 pvb','hien test','0287492','PENDING',29),(6,38000000,'COD',NULL,'PAYMENT_UNPAID','123 Doan Ke Thien','Dinh Van An','0293849203','PENDING',29),(7,44000000,'COD',NULL,'PAYMENT_UNPAID','Huu Ai - Tan Lang','Dinh Xuan Sang','02384293843','PENDING',29),(8,118000000,'COD',NULL,'PAYMENT_UNPAID','15 Lê Văn Hưu','Mạc Đĩnh Chi','0238492884','PENDING',32),(9,41000000,'COD',NULL,'PAYMENT_UNPAID','123 Phan Van Giap','Lorion','0293847593','PENDING',29),(10,362790000,'COD',NULL,'PAYMENT_UNPAID','254 Minh Khai','Đinh Thị Phương Thảo','0969116389','PENDING',32),(11,15000000,'COD',NULL,'PAYMENT_UNPAID','ăẻ','đâẻ','ăeăe','PENDING',32),(12,77800000,'ONLINE_PAYMENT',NULL,'PAYMENT_UNPAID','59/59 Phạm Văn Đồng','Đinh Xuân Hiền cute','0384644216','PENDING',29),(13,33000000,'ONLINE_PAYMENT',NULL,'PAID','89 Phạm Văn Đồng','Đinh Phương Hiền','0919252776','PENDING',29),(14,48000000,'ONLINE_PAYMENT',NULL,'PAYMENT_UNPAID','58 Minh Khai','Đinh Minh Anh','0384716384','PENDING',29),(15,51000000,'ONLINE_PAYMENT',NULL,'PAID','29 Dốc Lã','Chó cún','0384628462','PENDING',29),(16,39400000,'ONLINE_PAYMENT',NULL,'PAYMENT_UNPAID','cds','sáa','24123','PENDING',29),(17,84600000,'ONLINE_PAYMENT',NULL,'PAYMENT_UNPAID','Ben xe Thua - Luong Tai - Bac Ninh','Dinh Xuan Sang','0937294739','PENDING',32),(18,84600000,'ONLINE_PAYMENT',NULL,'PAYMENT_UNPAID','a','daw','21312312','PENDING',32),(19,84600000,'ONLINE_PAYMENT',NULL,'PAYMENT_UNPAID','aa','aaa','12312','PENDING',32),(20,78800000,'ONLINE_PAYMENT',NULL,'PAYMENT_UNPAID','An Bình City - Phạm Văn Đồng','Đinh Xuân Hiền','0384644216','PENDING',29),(21,78800000,'ONLINE_PAYMENT',NULL,'PAYMENT_UNPAID','An Bình City - Phạm Văn Đồng','Đinh Xuân Hiền','0384644216','PENDING',29),(22,78800000,'ONLINE_PAYMENT',NULL,'PAYMENT_UNPAID','An Bình City - Phạm Văn Đồng','Đinh Xuân Hiền','0384644216','PENDING',29),(23,78800000,'ONLINE_PAYMENT',NULL,'PAID','Lương Tài - Bắc Ninh','Đinh Xuân Hiền','0384644216','PENDING',29),(24,3000000,'ONLINE_PAYMENT',NULL,'PAYMENT_UNPAID','LT- BN','Đinh Xuân Sơn','0982252776','PENDING',32),(25,3000000,'ONLINE_PAYMENT',NULL,'PAYMENT_UNPAID','Quảng Phú - BN','Đinh Xuân kekeke','0283849283','PENDING',32);
/*!40000 ALTER TABLE `orders` ENABLE KEYS */;
UNLOCK TABLES;

--
-- Table structure for table `products`
--

DROP TABLE IF EXISTS `products`;
/*!40101 SET @saved_cs_client     = @@character_set_client */;
/*!50503 SET character_set_client = utf8mb4 */;
CREATE TABLE `products` (
  `id` int NOT NULL AUTO_INCREMENT,
  `name` varchar(255) COLLATE utf8mb4_unicode_ci NOT NULL,
  `price` int NOT NULL,
  `image` varchar(255) COLLATE utf8mb4_unicode_ci DEFAULT NULL,
  `detailDesc` mediumtext COLLATE utf8mb4_unicode_ci NOT NULL,
  `shortDesc` varchar(255) COLLATE utf8mb4_unicode_ci NOT NULL,
  `quantity` int NOT NULL,
  `sold` int DEFAULT '0',
  `target` varchar(255) COLLATE utf8mb4_unicode_ci NOT NULL,
  `factory` varchar(255) COLLATE utf8mb4_unicode_ci NOT NULL,
  `model` varchar(255) COLLATE utf8mb4_unicode_ci DEFAULT NULL,
  PRIMARY KEY (`id`)
) ENGINE=InnoDB AUTO_INCREMENT=51 DEFAULT CHARSET=utf8mb4 COLLATE=utf8mb4_unicode_ci;
/*!40101 SET character_set_client = @saved_cs_client */;

--
-- Dumping data for table `products`
--

LOCK TABLES `products` WRITE;
/*!40000 ALTER TABLE `products` DISABLE KEYS */;
INSERT INTO `products` VALUES (7,'Sony ZV-E1',36900000,'2e52fa76-1486-4841-ac66-c2d742b0949b.jpg','Sony ZV-E1 là một chiếc máy ảnh kiêm máy quay phim chuyên nghiệp được thiết kế siêu nhỏ gọn, đậm chất điện ảnh, máy quay vlog đỉnh cao cho các nhà sáng tạo nội dung. Chiếc máy này hỗ trợ tuyệt đỉnh trong việc quay vlog, video phỏng vấn và giới thiệu sản phẩm. Với hình thức thậm chí còn nhỏ hơn EV-10 và cơ chế hoạt động bên trong theo phong cách của A7S III, ZV-E1 có cảm biến Exmor R CMOS 12MP full-frame , bộ xử lý hình ảnh BIONZ XR quay video chất lượng UHD 4K 120p, dải dynamic range 15+ stop, công nghệ chống rung 5 trục,… người dùng có thể sử dụng chiếc camera mirrorless này để ghi lại những hình ảnh chân thực, sắc nét, màu sắc sống động.','Hàng mới chính hãng, Hàng đẹp',5,0,'beginner','sony',NULL),(8,'Sony A6100',15500000,'281650f2-7c15-4975-b88f-674555e9d69b.jpg','Sony A6100 là máy ảnh không gương lật định dạng APS-C rất phù hợp cho các ứng dụng chụp ảnh tĩnh và video. Với cảm biến CMOS 24,2MP và bộ xử lý BIONZ X, có thể chụp ảnh tĩnh độ phân giải cao với dải nhạy sáng rộng và ít nhiễu. Sự kết hợp giữa cảm biến và bộ xử lý cũng cho phép quay video UHD 4K cùng với khả năng chụp liên tục nhanh lên đến 11 khung hình / giây để làm việc với các đối tượng chuyển động. Cũng mang lại lợi ích cho khả năng chụp ở tốc độ nhanh, tính năng Lấy nét tự động theo mắt trong thời gian thực và khả năng theo dõi đối tượng giúp đảm bảo lấy nét sắc nét trên nhiều loại đối tượng. Thiết kế đặc biệt nhỏ gọn,bổ sung cho khả năng chụp ảnh, a6100 có kính ngắm điện tử OLED 1,44m chấm cho tầm nhìn rõ ràng ngang tầm mắt. Màn hình LCD cảm ứng 3.0 “921.6k-dot phía sau cũng có sẵn và có thiết kế nghiêng 180 ° để phù hợp với làm việc từ các góc cao, thấp và trực diện. Ngoài ra, Wi-Fi và Bluetooth tích hợp cho phép chia sẻ hình ảnh không dây như cũng như điều khiển camera từ xa từ thiết bị di động được liên kết.','Hàng mới chính hãng, Hàng đẹp',2,0,'intermediate','sony',NULL),(9,'Canon EOS 7D',3000000,'1eb910b0-3713-4f4f-bfae-8e4251bad699.jpg','Máy ảnh Canon EOS 7D được xem như là một trong những dòng sản phẩm kế thừa được những điểm nổi bật mà hai người đàn anh của mình là 50D và 5D Mark II đã sở hữu. Sự rắn rỏi, chất lượng xử lý ảnh tuyệt vời là những gì mà sản phẩm này có thể mang lại khi sử dụng. Chính vì điều này nên đây luôn là sự lựa chọn hàng đầu của những ai đam mê với dòng chụp ảnh nghệ thuật này','Hàng mới chính hãng, Hàng đẹp',4,0,'intermediate','canon','90fe2477-8faf-4af7-ac06-028f6682ab21.glb'),(10,'Canon EOS R5',48000000,'e5fb6513-8724-44b8-8a37-4c336ca747ba.jpg','Dành cho nhiếp ảnh gia chuyên nghiệp, những người cần độ phân giải, tốc độ và khả năng quay video, Canon EOS R5 có để đáp ứng mọi nhu cầu người dùng. Đặt ra tiêu chuẩn mới về tính linh hoạt, máy ảnh không gương lật full-frame này có cảm biến CMOS 45MP mới được phát triển, cho phép quay video thô 8K, chụp liên tục 12 khung hình/giây với màn trập cơ học và là máy ảnh EOS đầu tiên có cảm biến 5 trục- thay đổi ổn định hình ảnh. Ngoài độ phân giải, cảm biến còn kết hợp với bộ xử lý hình ảnh DIGIC X tinh chỉnh để mở ra thế hệ mới Dual Pixel CMOS AF cho hiệu suất lấy nét nhanh chóng, mượt mà và thông minh bằng cách sử dụng 1053 điểm có thể chọn bao phủ toàn bộ trường xem. Hệ thống lấy nét này cũng đã được cập nhật để sử dụng công nghệ Học sâu để cải thiện khả năng theo dõi đối tượng cũng như phát hiện mắt, khuôn mặt và đầu chính xác cho cả người và động vật. Bổ sung cho các nội dung hình ảnh, R5, trong khi có thiết kế mới, cũng cảm thấy quen thuộc với người dùng EOS 5-series. Kính ngắm điện tử 0,5″ 5,76m chấm có độ phân giải cao đặc biệt cung cấp tốc độ làm mới 120 khung hình/giây thực tế trong khi màn hình LCD cảm ứng phía sau 3,2″ có thiết kế nhiều góc để đáp ứng nhu cầu vlog cũng như lợi ích khi làm việc từ các góc cao và thấp. Màn hình LCD trạng thái hàng đầu tạo ra quy trình làm việc trực quan và máy ảnh này cũng tích hợp khe cắm thẻ nhớ kép — một CFexpress Type B, một SD UHS-II — cùng với kết nối không dây Bluetooth và Wi-Fi.','Hàng khá, Hàng mới chính hãng, Hàng mới nhập khẩu, Hàng đẹp',1,0,'advanced','canon',NULL),(11,'Fujifilm X-A7',15000000,'cd9e16be-99dd-48cf-8c50-71b817021d1a.jpg','FUJIFILM X-A7 là một chiếc máy ảnh không gương lật có khả năng chụp ảnh tĩnh và quay video. Sở hữu cảm biến CMOS APS-C 24,2MP, X-A7 có khả năng quay video UHD 4K ở tốc độ 29,97 khung hình / giây và video FHD ở 59,94 khung hình / giây, cũng như chụp ảnh tĩnh liên tục ở độ phân giải tối đa lên đến 6 khung hình / giây. Thiết kế cảm biến được cập nhật kết hợp cấu trúc dây đồng để giảm nhiễu và cải thiện chất lượng hình ảnh trong phạm vi ISO 200-12800, cũng như có khả năng lấy nét tự động nâng cao bằng hệ thống lấy nét tự động. Pha trộn một ngoại thất thời trang với khả năng tạo hình ảnh linh hoạt, và bổ sung cho khả năng chụp ảnh, X-A7 có bề ngoài màu bạc tối theo phong cách retro và có màn hình LCD cảm ứng lớn 16: 9 tỷ lệ 3,5 “2,76m. Màn hình cũng có thiết kế góc tự do, cho phép Dễ dàng quan sát từ các góc cao và thấp, cũng như các góc phía trước để chụp ảnh selfie có khung hoàn hảo. Máy ảnh này cũng có Wi-Fi và Bluetooth tích hợp, cho phép chia sẻ hình ảnh không dây và điều khiển camera từ xa từ các thiết bị di động được ghép nối. Cảm biến CMOS 24,2MP APS-C cho phép ghi lại ảnh tĩnh và video độ phân giải cao trong nhiều điều kiện ánh sáng khác nhau. Nó cung cấp phạm vi độ nhạy riêng từ ISO 200-12800, có thể mở rộng thành ISO 100-51200 để phù hợp hơn với hoạt động trong các tình huống cực sáng hoặc cực tối. Video UHD 4K có thể được ghi ở mức tối đa 29,97p và có thể quay Full HD lên tới 59,94p. Đối với chụp ảnh tĩnh, tốc độ liên tục 6 khung hình / giây là có thể để làm việc với các đối tượng chuyển động.  Nó có màn hình LCD 3,5 inch mới, lớn hơn đáng kể với tỷ lệ khung hình 16: 9 rộng hơn, thay vì màn hình 3.0 inch, 3: 2 của X-A5. Nó có cùng chiều cao với màn hình của máy ảnh trước đó, nhưng rộng hơn khoảng 0,6 inch so với trước đây.  Bổ sung cho khả năng chụp ảnh, cảm biến cũng có hệ thống lấy nét tự động lai, với 117 điểm có thể chọn, sử dụng cả phương pháp phát hiện pha và phát hiện tương phản để lấy nét nhanh và chính xác. Hệ thống lấy nét này cũng cho phép cả Nhận diện khuôn mặt và Mắt để giúp đảm bảo lấy nét chính xác khi chụp chân dung','Hàng mới chính hãng, Đã qua sử dụng như mới 99%',3,0,'intermediate','fujifilm',NULL),(12,'Nikon D800',5500000,'ec7722b9-ed49-4ec0-b4f3-db8522485f65.jpg','Nikon D800 Digital SLR Camera là máy ảnh kỹ thuật số của Nikon D800 kết hợp thân máy D800 với nhiều phụ kiện để kéo dài thời gian chụp, thực hiện các thao tác từ xa và chăm sóc máy ảnh trong thời gian dài. Nikon D800 Digital SLR Camera còn hơn cả một chiếc DSLR, nó cũng là một máy quay video chất lượng phát sóng. Lái xe cả chụp ảnh tĩnh và quay video là cảm biến CMOS 36.3Mp định dạng FX và công cụ xử lý hình ảnh EXPEED 3 mạnh mẽ. Bộ lọc low-pass quang học làm giảm màu giả và moire, và phạm vi ISO 100-6400 có thể mở rộng thành ISO 50-25600 tương đương. Ngoài ra, D800 tự hào có chuyển đổi A / D 14 bit và xử lý hình ảnh 16 bit. Hơn nữa, ống kính Nikon F của máy ảnh chấp nhận vô số ống kính NIKKOR, bao gồm ống kính DX và ống kính AF-S và Nikon Speedlights cung cấp khả năng flash đặc biệt. Hệ thống nhận dạng cảnh nâng cao của D800 với cảm biến RGB 91k pixel mang lại màu sắc chính xác, chính xác trong mọi cảnh, cho kết quả trông tự nhiên. Nhận diện khuôn mặt và phân tích cảnh chi tiết hỗ trợ lấy nét tự động chính xác hơn, phơi sáng tự động và tiếp xúc với flash i-TTL cho bất kỳ số lượng tình huống sáng tác và ánh sáng nào. Khi được kết hợp với AF tự động khu vực và theo dõi chủ đề trong theo dõi 3D, hình ảnh của bạn thậm chí còn tinh chỉnh hơn. Ngoài ra, tính năng 3D color matrix metering III cho kết quả hài lòng với độ phơi sáng tự động, đặc biệt khi khuôn mặt người ở trong cảnh','Hình thức xấu – chất lượng tốt – giá rẻ, Khá đẹp 90% sử dụng tốt',1,0,'advanced','nikon',NULL),(13,'Sony A7S2',11000000,'bcdc6937-f4d3-4a7d-b02d-fd853834eb09.jpg','Thực hiện những bước tiến trong lĩnh vực video, Sony Alpha a7S II Mirrorless cung cấp sự pha trộn ấn tượng về độ nhạy, phạm vi động, độ phân giải và tốc độ để mang lại lợi ích cho quy trình đa phương tiện linh hoạt. Quay vòng với cảm biến Exmor CMOS 12,2MP full-frame, a7S II có khả năng quay nội bộ UHD 4K ở tốc độ 30 khung hình / giây với readout pixel đầy đủ cũng như quay phim 1080p ở tốc độ 120 khung hình / giây, tất cả ở định dạng XAVC S. Đối với cả ảnh tĩnh và quay video, bộ xử lý ảnh BIONZ X cũng ghép nối với bộ cảm biến để cho phép độ nhạy mở rộng đến ISO 409600, chụp liên tiếp đến 5 khung hình / giây và lấy nét tự động thông minh nhanh với độ nhạy sáng thấp đến -4 EV. Hơn nữa cho phép làm việc trong điều kiện ánh sáng yếu, ổn định hình ảnh ổn định 5 trục SteadyShot INSIDE cho các chuyển động quay dọc, ngang, pitch, yaw và cuộn để ghi hình cầm tay sắc nét và mượt mà hơn.','Hàng Đẹp, Hình thức xấu – chất lượng tốt – giá rẻ',6,0,'advanced','sony','1dedb6ee-bb8c-42c1-b938-27e3a55e1038.glb'),(14,'Sony A7C mark II',39000000,'32367e5d-b239-4504-a06c-0a4e5c95ce30.jpg','Sony A7C mark II là chiếc máy ảnh Mirrorless Full-frame thế hệ mới sử dụng cảm biến CMOS Exmor R BSI 33MP, bộ xử lý hình ảnh BIONZ XR mạnh mẽ cùng hệ thống lấy nét tự động lai, tính năng “Real-time Tracking” và “Eye AF” tương tự như trên các dòng máy cao cấp cho hiệu suất chụp hình ảnh lên tới 10fps, cung cấp những hình ảnh sắc nét, mượt mà ấn tượng.','Hàng mới chính hãng, Hàng mới nhập khẩu, Hàng Đẹp',2,0,'intermediate','sony',NULL),(15,'Nikon Z6',18500000,'643ab573-8340-44b4-88e4-d616f8360b40.jpg','Nikon Z6 là một trong những máy ảnh hot nhất của hãng Nikon trong thời gian gần đây. Nikon Z6 là một trong những sản phẩm đầu tiên trong sê-ri và có cảm biến BSI CMOS 24,5MP định dạng FX hiệu suất cao và Công cụ xử lý hình ảnh EXPEED 6 mang lại chất lượng và tốc độ hình ảnh vượt trội với dải nhạy cảm tự nhiên ISO 100-51200. Trên cảm biến, bạn sẽ tìm thấy một hệ thống lấy nét tự động theo pha tiên tiến, sử dụng 273 điểm bao phủ 90% diện tích hình ảnh và cảm biến có công nghệ Giảm rung 5 trục để ổn định hình ảnh và video bất kể ống kính được sử dụng. Hệ thống AF lai tiên tiến này cũng sẽ có lợi cho video. Z6 có tính năng quay UHD 4K lên đến 30p và có thể sử dụng cấu hình gamma N-Log cùng với đầu ra HDMI 10 bit của máy ảnh để tạo video chất lượng rạp chiếu phim.','Hàng mới chính hãng, 90-95% sử dụng tốt',4,0,'intermediate','nikon',NULL),(16,'Canon 1DX Mark II',18000000,'a784a5cd-bb18-4fc4-9d51-4e4bf2d007d9.jpg','Canon EOS-1D X Mark II là mẫu máy ảnh hàng đầu của Canon mang lại tốc độ chụp và khả năng quay video theo yêu cầu của các nhà sản xuất hình ảnh đa phương tiện chuyên nghiệp. Được đặc trưng bởi khả năng xử lý mạnh mẽ và khả năng cho phép quy trình làm việc đa phương tiện cao cấp, nó thích hợp dành cho chụp thể thao, hành động, động vật hoang dã hoặc phóng viên ảnh. Hiệu suất ISO cao hàng đầu, và khả năng lấy nét tự động linh hoạt và hiệu suất chụp liên tiếp đáng kinh ngạc sẽ không làm bạn thất vọng. Trung tâm của hệ thống hình ảnh là cảm biến CMOS 20,2MP full-frame và bộ xử lý hình ảnh DIGIC 6+ kép, góp phần mang lại tốc độ chụp liên tục nhanh lên đến 16 khung hình / giây ở chế độ xem trực tiếp, 14 khung hình / giây với AF và AE toàn thời gian, và phạm vi độ nhạy mở rộng từ ISO 50-409600. Sự kết hợp giữa cảm biến và bộ xử lý cũng cho phép quay video DCI 4K ở tốc độ 60 khung hình / giây và quay phim Full HD 1080p ở tốc độ 120 khung hình / giây, cùng với khả năng ghi trên bo mạch vào thẻ nhớ CFast 2.0 hoặc video Full HD không nén có thể được lưu qua HDMI để một máy ghi bên ngoài tùy chọn. Mang lại lợi ích cho việc chụp ảnh tĩnh là hệ thống AF II có mật độ cao 61 điểm thích hợp, bao gồm 41 điểm kiểu chữ thập để có độ chính xác cao trong các điều kiện ánh sáng khác nhau, và tính năng quay video được tăng cường bởi Dual Pixel CMOS AF, lần đầu tiên xuất hiện trong cảm biến full-frame để lấy nét tự động mượt mà, nhanh chóng và có thể kiểm soát được ở chế độ xem trực tiếp. Với một bộ đặc điểm hình ảnh linh hoạt, Canon EOS-1D X Mark II trở thành một công cụ hiệu suất cao cho các nhiếp ảnh gia chuyên nghiệp cũng như các nhà quay phim','Hình thức xấu – chất lượng tốt – giá rẻ, Đã qua sử dụng',2,0,'professional','canon',NULL),(17,'Canon Powershot V1',21900000,'ad6b1452-ac0f-46b2-b878-f95c91621830.jpg','Canon PowerShot V1 là chiếc máy ảnh nhỏ gọn nhưng đầy mạnh mẽ, được thiết kế tối ưu cho nhu cầu sáng tạo nội dung như vlogging, livestream, hay quay video chuyên nghiệp. Máy được trang bị hàng loạt công nghệ tiên tiến nhằm nâng cao chất lượng hình ảnh và hiệu suất hoạt động, bao gồm cảm biến CMOS 22.3MP (kích thước 1.4″) hoàn toàn mới và quạt tản nhiệt tích hợp, giúp đảm bảo hoạt động ổn định trong thời gian dài. Với thiết kế trực quan, dễ sử dụng cùng hiệu năng ấn tượng, PowerShot V1 là lựa chọn lý tưởng cho các nhà sáng tạo nội dung hiện đại. Máy ảnh được thiết kế với giao diện điều khiển trực quan và tính công thái học cao, mang lại trải nghiệm sử dụng dễ dàng và linh hoạt. Màn hình cảm ứng 3.0 inch có thể xoay lật hoàn toàn, rất thuận tiện cho việc chụp selfie hoặc quay vlog. Đèn báo ghi hình được đặt ở mặt trước giúp người dùng dễ dàng nhận biết khi máy đang quay. Phần tay cầm cũng được cải tiến để cầm nắm chắc chắn hơn từ phía trước, tăng độ ổn định khi tự quay.\r\nCanon PowerShot V1 được tích hợp cảm biến CMOS 22.3MP kích thước lớn 1.4 inch – vượt trội so với cảm biến 1 inch thường thấy trên các mẫu cùng phân khúc. Nhờ kích thước cảm biến lớn hơn, máy mang lại hình ảnh sắc nét hơn, dải tương phản tốt hơn, và khả năng xử lý ánh sáng yếu ấn tượng, giúp người dùng tự tin sáng tạo trong mọi điều kiện chụp.\r\nNhằm hỗ trợ tối đa cho các nhà sáng tạo nội dung, Canon PowerShot V1 được tích hợp nhiều chế độ quay chụp thông minh, giúp thao tác dễ dàng và tăng tính linh hoạt trong quá trình sử dụng. Chế độ Smooth Skin Movie tự động làm mịn da, mang lại hình ảnh tự nhiên và dễ chịu khi quay chân dung. Chế độ Movie Close-Up sẽ tự động lấy nét vào sản phẩm hoặc vật thể khi đưa lại gần ống kính, sau đó chuyển lại chủ thể chính khi vật thể rời khỏi khung hình – rất phù hợp cho các video review.','Hàng mới 100%, like new, 90%',6,0,'beginner','canon',NULL),(18,'Fujifilm GFX 50S - II',52000000,'b8d17d4a-5ebd-4606-ba24-7f7ed123957d.jpg','GFX 50S II là chiếc máy ảnh không gương lật thuộc dòng máy Medium Format (GFX của Fujifilm) có độ phân giải 51,4MP, có ổn định hình ảnh 5 trục lên tới 6,5 stop, AF được cải thiện tốt hơn so với 50S và body theo mình quan sát phải gọi là giống y với GFX 100S. Với trọng lượng 0.9kg, và kích thước của GFX 100S, chắc chắn GFX 50S II sẽ khá nhỏ gọn trong các dòng máy Medium Format. Nổi bật với cảm biến CMOS 51,4MP kết hợp với bộ xử lý hình ảnh X-Processor 4 cải tiến, máy ảnh này tạo ra các tệp có dải động cực rộng và độ phân giải cao, cũng như có dải nhạy sáng mở rộng ISO 50-102400 để làm việc trong điều kiện ánh sáng. Ngàm ống kính FUJIFILM G có khoảng cách tiêu cự ngắn chỉ 26,7mm để tạo điều kiện thuận lợi hơn cho việc điều chỉnh ống kính và cho phép giảm khoảng cách lấy nét phía sau để ngăn hiện tượng mờ hiệu quả hơn và tăng độ sắc nét ở các cạnh với dòng ống kính GF.\r\n\r\nChế độ Giả lập Phim cho phép bạn tái tạo giao diện của 19 loại phim của FUJIFILM, bao gồm Provia, Velvia, Astia, Eterna, Classic Chrome, Classic Neg., Pro Neg, Tiêu chuẩn, Acros, Đơn sắc và Nâu đỏ. Ngoài ra, có thể điều chỉnh Hiệu ứng Grain cũng như hiệu ứng Chrome cổ điển để tinh chỉnh hình ảnh.\r\n\r\nMặt phẳng tiêu điểm cơ học cho phép làm việc với tốc độ cửa trập từ 60 phút lên tới 1/4000 giây và màn trập điện tử cho phép sử dụng tốc độ màn trập lên tới 1/16000 giây để làm việc trong điều kiện ánh sáng mạnh.\r\n\r\nCác khe cắm thẻ nhớ SD kép được trang bị và cho phép lưu hình ảnh theo cách liên tục, sao lưu/sao chép hoặc theo cách được sắp xếp để tách biệt các tệp JPEG và tệp thô.\r\n\r\nCó thể chụp liên kết bằng cách sử dụng phần mềm X Acquire để gửi ảnh từ máy ảnh đến thư mục nóng trên máy tính của bạn để chỉnh sửa thêm. Ngoài ra, Plug-in Tether Shooting PRO cho Adobe Photoshop Lightroom và HS-V5 cho hệ điều hành Windows cũng có sẵn.','like new, cũ 90%, 85%',7,0,'professional','fujifilm',NULL),(19,'Canon EOS 90D',15900000,'2110f031-d772-432e-8a4b-612632dd4dcc.jpg','Được đánh giá là một máy ảnh đa năng với các tính năng chụp ảnh và quay phim, Canon EOS 90D là một máy ảnh DSLR kiểu dáng đẹp cũng được đặc trưng bởi APS-C CMOS 32,5MP độ phân giải cao. cảm biến. Thiết kế cảm biến cập nhật này giúp nâng cao độ rõ nét, độ phân giải và dải động của hình ảnh, cùng với độ nhạy sáng đạt ISO 25600 và độ nhiễu thấp để phù hợp làm việc trong nhiều tình huống. Với cảm biến CMOS APS-C 32,5MP độ phân giải cao ấn tượng, 90D có khả năng tạo ra hình ảnh với độ rõ nét và dải động đáng chú ý, cũng như dải nhạy sáng rộng ISO 100-25600 và độ nhiễu thấp để hỗ trợ làm việc trong các tình huống ánh sáng khó khăn . Bộ cảm biến và bộ xử lý hình ảnh cũng nhận ra hiệu suất nhanh chóng trong toàn bộ hệ thống camera, bao gồm khả năng quay liên tục lên đến 10 khung hình / giây, quay video UHD 4K30p hoặc quay video Full HD 1080p tốc độ cao ở 120 khung hình / giây.','Hàng mới like new, khá, 85-90-95%',5,0,'intermediate','canon',NULL),(20,'Nikon D600',5500000,'d75a3384-8dfa-4693-9395-c106e32e48ff.jpg','Máy ảnh DSLR D600 của Nikon có cảm biến CMOS định dạng FX 24,3M. Với ngân sách trung bình, đây là một trong những mẫu máy full-frame phù hợp nhất, mà vẫn mang lại hiệu suất cao, động cơ mạnh ,hệ thống xử lý EXPEED 3 cho phép các tính năng như chụp liên tục 5,5 khung hình/giây.\r\n\r\nD600 cũng có các tính năng khác cho phép máy ảnh đáp ứng nhu cầu của nhiếp ảnh gia. Các tính năng như vậy bao gồm dải ISO rộng từ 100-6400, cũng có thể mở rộng lên 50-25600. Điều này cho phép chụp ảnh trong nhiều tình huống ánh sáng khác nhau, từ ánh sáng yếu đến sáng, với độ nhiễu hình ảnh tối thiểu. Máy ảnh này cũng có 39 điểm lấy nét cho phạm vi lấy nét tự động diện rộng cho cả ảnh tĩnh và quay video HD.\r\n\r\nNikon D600 tương thích với ống kính có thể hoán đổi cho nhau NIKKOR ngàm F (cả định dạng FX và DX), mang đến cho người chụp ảnh nhiều lựa chọn. Hiệu suất full-frame, độ phân giải cao có sẵn trong HDSLR nhỏ gọn, giá cả phải chăng – D600. Cảm biến CMOS định dạng FX 24,3MP của máy ảnh ghi lại mọi chi tiết với độ sắc nét như thật. Hệ thống xử lý EXPEED 3 của nó quản lý tất cả dữ liệu đó với tốc độ và độ chính xác, cho phép chụp liên tục lên đến 5,5 khung hình mỗi giây (fps) ở độ phân giải đầy đủ.\r\n\r\nMáy cũng có tính năng bật nguồn nhanh (0,13 giây) và độ trễ nhả cửa trập tối thiểu (0,052 giây). Và hiệu suất ánh sáng yếu đồng nghĩa với Nikon một lần nữa được chứng minh là xứng đáng chụp ảnh rõ nét từ ISO 100 đến 6400, có thể mở rộng xuống 50 và lên đến 25.600 cho các tình huống khắc nghiệt. D600 có 39 điểm lấy nét cung cấp phạm vi lấy nét tự động trên diện rộng và mang lại khả năng lập bố cục dường như vô tận. 9 cảm biến kiểu chữ thập và 7 điểm lấy nét trung tâm hoạt động đến tận f/8.0 để có chức năng lấy nét tự động mở rộng với bộ chuyển từ xa và ống kính tầm xa. Khi chụp ảnh hoặc quay video HD ở Chế độ xem Trực tiếp, tính năng Lấy nét tự động phát hiện độ tương phản nhạy của Nikon sẽ kích hoạt để lấy nét tự động toàn thời gian chính xác','Hàng cũ 80-85% - hoạt động tốt',2,0,'intermediate','nikon',NULL),(21,'Sony A7 Mark IV',38900000,'e85279a6-9f5b-4dee-a9e3-ed01c893275c.jpg','Được ra mắt vào cuối tháng 10/2021, Sony Alpha a7 IV là một máy ảnh toàn diện vượt trội hơn mức cơ bản, thực hiện hai nhiệm vụ với hiệu suất video và ảnh tĩnh mạnh mẽ. Là một máy ảnh không gương lật kết hợp tiên tiến, a7 IV có độ phân giải và hiệu suất AF hấp dẫn các nhiếp ảnh gia cùng với khả năng quay video 4K60p mạnh mẽ cho các nhà làm phim và sáng tạo nội dung. Cảm biến CMOS 33MP Exmor R mới được phát triển kết hợp với bộ xử lý BIONZ XR từ Alpha 1 để chụp nhanh lên đến 10 khung hình/ giây và quay video 4K60p, cùng với độ nhạy sáng rộng lên đến ISO 51200 và dải động rộng 15+ stop. Ngoài chất lượng hình ảnh, bộ cảm biến và bộ xử lý còn góp phần tạo nên hệ thống lấy nét tự động dựa trên AI tiên tiến hỗ trợ Lấy nét tự động theo mắt trong thời gian thực và Theo dõi thời gian thực để điều khiển AF trực quan và theo dõi đối tượng.\r\n\r\nThế hệ thứ tư của máy ảnh a7 này cũng có thiết kế thân máy được cập nhật bao gồm EVF 3,68m-dot độ phân giải cao hơn, màn hình LCD cảm ứng có thể thay đổi góc và khe cắm thẻ nhớ kép, bao gồm một khe cắm CFexpress Type A/ SD UHS-II kép. Kết nối và phát trực tuyến cũng là một thuộc tính chính của máy ảnh này và nó hỗ trợ thiết kế plug-and-play đơn giản để phát trực tiếp trực tiếp từ máy ảnh khi kết nối với máy tính qua USB.','Đã qua sử dụng như mới, like new, 95%',7,0,'advanced','sony','e57b8d81-4acf-42b8-86f9-ac84c5958bf7.glb'),(22,'Nikon Z-FC',19900000,'36027f8e-4b2b-4502-a7ec-2fa6ea23962b.jpg','Vừa ra mắt vào ngày 28 tháng 07 năm 2021, Nikon Z Fc gần như có đủ tất cả các mong muốn của người sáng tạo nội dung: kiểu dáng đẹp và thời trang được kết hợp giữa hiện đại và cổ điện (dựa trên máy ảnh film FM2), chất lượng hình ảnh ấn tượng với tính linh hoạt của hệ thống không gương lật Z và nó còn được tối ưu hóa cho các ứng dụng du lịch, vlog và video.  \r\n\r\nĐẶC ĐIỂM NỔI BẬT\r\n9MP DX- định dang cảm biến CMOS\r\nBộ xử lý EXPEED 6\r\nQuay Video UHD 4K and Full HD\r\nKính ngắm điện tử 2.36m-Dot OLED\r\nMàn hình cảm ứng đa góc 3″ 1.04m-Dot\r\nISO 100-51200, chụp tối đa 11 fps\r\nLấy nét tự động kết hợp 209 điểm, Lấy nét tự động nhận diện mắt\r\nPhim tua nhanh thời gian (Time-Lapse)\r\nWi-Fi và Bluetooth\r\nKết nối cổng USB Type-C\r\nCảm biến CMOS định dạng DX 20,9MP và Bộ xử lý hình ảnh EXPEED 6\r\nCảm biến CMOS 20,9MP định dạng DX được kết hợp với bộ xử lý hình ảnh EXPEED 6 để cung cấp sự kết hợp linh hoạt giữa độ nhạy cao, chất lượng hình ảnh sắc thái và hiệu suất tổng thể nhanh chóng. Phạm vi độ nhạy từ ISO 100-51200 cho phép làm việc trong nhiều điều kiện ánh sáng và có thể được mở rộng thêm lên đến ISO 204800 cho các điều kiện ánh sáng cực yếu. Sự kết hợp giữa độ phân giải và kích thước cảm biến cũng góp phần tạo ra chất lượng hình ảnh rõ ràng và chuyển màu mượt mà với giảm nhiễu trong toàn bộ dải nhạy sáng. Ngoài việc mang lại chất lượng hình ảnh cao, bộ xử lý EXPEED 6 cũng mang lại tốc độ phong phú trên toàn hệ thống máy ảnh, bao gồm tốc độ chụp liên tục ở độ phân giải đầy đủ cao nhất là 11 khung hình/giây.\r\n\r\nBên cạnh khả năng chụp ảnh, thiết kế của cảm biến còn tích hợp hệ thống lấy nét tự động kết hợp 209 điểm, sử dụng cả phương pháp phát hiện theo pha và phát hiện tương phản để lấy nét nhanh chóng và chính xác cho cả ảnh tĩnh và ứng dụng video. Hệ thống lấy nét này cũng hỗ trợ Eye Detection AF, sử dụng nhận dạng khuôn mặt để giúp khóa lấy nét vào mắt của đối tượng.\r\n\r\nQuay video UHD 4K\r\nCó khả năng ghi không chỉ ảnh tĩnh, Z fc hỗ trợ quay video UHD 4K ở tốc độ lên đến 30 khung hình / giây và quay Full HD ở tốc độ lên đến 120 khung hình / giây, cho hiệu ứng chuyển động chậm, cùng với khả năng lưu tệp phim vào máy ảnh trong máy thẻ nhớ. Cũng có thể chụp tua nhanh thời gian trong máy ảnh.\r\n\r\nThiết kế Heritage với các chức năng trực quan\r\nMặt số nhôm được chạm khắc chính xác với các dấu khắc và điều khiển cơ học cho tốc độ cửa trập, ISO và bù phơi sáng. Các chức năng trực quan cũng cho phép dễ dàng truy cập vào chế độ tự động, cài đặt nhanh và hướng dẫn trợ giúp menu.\r\n\r\nThiết kế thân máy và khả năng kết nối\r\nMột màn hình LCD 3 “1,04m-dot lớn có sẵn để phát lại hình ảnh sáng, rõ ràng và sống động và chụp ở chế độ xem trực tiếp. Màn hình có thiết kế nhiều góc, mang lại lợi ích cho việc chụp ảnh selfie mặt trước và nó cũng là màn hình cảm ứng để điều khiển hoạt động, điều hướng và cài đặt trực quan hơn.\r\nMột công cụ tìm điện tử 2,36m-dot có sẵn để xem thoải mái ở tầm mắt. Nó có độ phóng đại 1,02x và sử dụng thấu kính NIKKOR để đảm bảo hình ảnh sắc nét, rõ ràng.\r\nKhung máy bằng hợp kim magiê chắc chắn vừa có khả năng chống bụi và thời tiết để có lợi khi làm việc trong điều kiện khí hậu khắc nghiệt và khắc nghiệt.\r\nKết nối SnapBridge tích hợp để cho phép truyền liên tục hình ảnh có độ phân giải thấp cũng như khả năng chụp ảnh từ xa. BLE (Bluetooth Low Energy) và Wi-Fi cho phép giao tiếp giữa máy ảnh và thiết bị thông minh và ngoài ra, thiết bị di động có thể kích hoạt màn trập từ xa và hiển thị hình ảnh xem trực tiếp từ máy ảnh để cho phép làm việc từ xa.\r\nPhát trực tiếp trên web qua cáp USB Type-C mua riêng.\r\nGiắc cắm chân cắm mini âm thanh nổi 3,5 mm cung cấp nguồn điện cắm vào\r\nPin lithium-ion có thể sạc lại EN-EL25 đi kèm cung cấp khoảng 300 bức ảnh mỗi lần sạc.\r\nTương thích với ống kính NIKKOR Z cũng như ống kính ngàm F bằng Bộ chuyển đổi ngàm FTZ mua riêng.','Mới chính hãng, mới nhập khẩu, 95%',5,0,'intermediate','nikon',NULL),(23,'Nikon D6',61000000,'139d24f1-71c4-4804-9549-e2c1cc707acd.jpg','Nikon D6 là một chiếc máy ảnh DSLR Fullframe đỉnh cao của Nikon với khả năng xử lý không giới hạn, tập trung vào tốc độ, hiệu suất, độ tin cậy và độ chính xác. Sử dụng cảm biến định dạng FX 20,8MP và bộ xử lý hình ảnh EXPEED 6 với tốc độ chụp liên tục 14 khung hình/ giây ấn tượng, D6 hoạt động tốt trong cả lĩnh vực chụp ảnh và quay video. Đồng thời, D6 được đánh giá là DSLR lấy nét tự động nhanh nhất từ trước đến nay nhờ hệ thống AF 105 điểm, tất cả chúng đều là cảm biến kiểu chéo và có thể lựa chọn. \r\n\r\n\r\n\r\n \r\n\r\nThiết kế bền bỉ\r\n\r\nD6 là chiếc máy ảnh cứng cáp với cấu trúc hợp kim ma-gie cùng khả năng kháng thời tiết mạnh mẽ hoạt động tốt trong nhiều điều kiện môi trường, được thiết kế với kích thước 160 x 163 x 92 mm và trọng lượng 1270g, thân máy quen thuộc kết hợp tay cầm dọc được thiết kế thoải mái và hiệu quả như nhau khi chụp ngang hay dọc.\r\n\r\nNgoài ra, Nikon D6 được trang bị màn hình LCD lớn phía sau có kích thuước 3.2’’, độ phân giải màn hình 2.359.000 Dot, hiển thị rõ ràng, sống động hình chụp. Thân máy tích hợp các khe cắm thẻ nhớ CFexpress Type B kép, mang đến khả năng lưu tệp linh hoạt, và Wi-Fi và Bluetooth nội bộ cũng có lợi cho nhu cầu lưu tệp cũng như khả năng điều khiển chụp ảnh từ xa. Để kết nối mạnh mẽ hơn, D6 cũng hỗ trợ kết nối mạng LAN có dây và không dây.\r\n\r\n\r\n\r\nBộ cảm biến CMOS định dạng FX 20,8MP và Bộ xử lý hình ảnh EXPEED 6\r\n\r\nNikon D6 được trang bị cảm biến CMOS độ phân giải 20.8MP định dạng FX kết hợp chip xử lý hình ảnh mạnh mẽ Expeed 6  nâng cao giúp dãy ISO đạt đến 100-102400 cho phép làm việc trong nhiều điều kiện ánh sáng, có thể mở rộng thành ISO 50-3280000 xử lý các tình huống ánh sáng khó khăn nhất giúp nâng cao chất lượng hình ảnh, thu được trên cảm biến sắc nét nhất dù chụp trong bất kỳ điều kiện ánh sáng nào.\r\n\r\n\r\n\r\nBộ xử lý hình ảnh EXPEED 6 của D6 tái tạo những tone màu da sáng mà không tạo ra màu u ám. Một “thuật toán phân tích trình tự thời gian” mới tích hợp giúp tính năng cân bằng trắng tự động của máy ảnh đạt được cân bằng trắng chính xác và ổn định hơn, bằng cách giả định cảnh chụp hiện tại dựa trên thông tin được tích lũy theo trình tự thời gian. Bạn có thể thu được hiệu suất cân bằng trắng tự động ổn định hơn trong nhiều bối cảnh, bất kể là cảnh thể thao hay chân dung.\r\n\r\n\r\n\r\nNgoài việc nâng cao chất lượng hình ảnh, bộ xử lý EXPEED 6 cung cấp nhiều tốc độ chụp trên toàn hệ thống camera bao gồm tốc độ chụp liên tục cao nhất là 14 khung hình/ giây cho tối đa 200 khung hình liên tiếp. Đối với các tình huống đặc biệt, có thể sử dụng tốc độ 10,5 khung hình/ giây im lặng để chụp kín đáo.','Hàng đẹp, hàng cũ hoạt động tốt, khá',3,0,'professional','nikon','2bfa13ab-98ab-4ccd-9b89-7a1762c3b0a6.glb'),(24,'Canon EOS R5C',70000000,'39a22fbe-e75d-47af-ace4-029d2713aa54.jpg','Canon EOS R5C là chiếc máy ảnh thuộc dòng Cinema EOS của Canon, được thiết kế dành cho những nhà sáng tạo nội dung có nhu cầu hiệu suất cao về quay phim và chụp ảnh tĩnh. Đây là một chiếc máy ảnh kết hợp hoàn hảo giữa tính năng quay video ấn tượng và khả năng chụp ảnh tĩnh. Khi ở chế độ chụp ảnh, Canon EOS R5C là một chiếc máy ảnh chụp ảnh tĩnh với các tính năng, công nghệ của EOS R5. Khi chuyển sang chế độ quay phim, EOS R5C trở thành máy ảnh Cinema EOS có khả năng quay không giới hạn thời gian ở độ phân giải 8k60ph full-frame với chất lượng Raw Light 12-bit.\r\n\r\n\r\n\r\n \r\n\r\nThiết kế tiện dụng của dòng EOS\r\n\r\nThiết kế thân máy EOS R5C cực kỳ nhỏ gọn và nhẹ tương tự như R5 nhưng có phần màn hình phía sau gù ra hơn rất nhiều, đây cũng là phần khiến R5C trông giống một chiếc máy quay phim hơn. Với trọng lượng chỉ 680g, thiết kế thoải mái và dễ dàng cầm nắm, R5C giúp việc thao tác ở chế độ cầm tay trở nên đơn giản dù là quay video hay chụp ảnh tĩnh. Ngoài ra, kính ngắm điện tử của R5C được cải tiến quang học, mở rộng tầm ngắm giúp người dùng dễ theo dõi chủ thể hơn.\r\n\r\n\r\n\r\nCác đặc trưng nổi bật\r\n\r\nCảm biến CMOS và bộ xử lý hình ảnh Digic X\r\n\r\nCanon EOS R5C sử dụng cảm biến CMOS 8K và bộ xử lý Digic X giúp ghi lại hình ảnh chi tiết với dải động rộng, tạo ra được những video chất lượng cao ở độ phân giải lên đến 8K60p. Cảm biến giúp thu ánh sáng hiệu quả hơn, đồng thời giảm nhiễu tạo ra hình ảnh với độ sắc nét cao.\r\n\r\n\r\n\r\nKhả năng ghi video chất lượng 8K60p\r\n\r\nCanon EOS R5C là máy ảnh dòng Cinema EOS đầu tiên có khả năng quay RAW 8K60p ghi thẻ bên trong mà không cần đầu ghi bên ngoài nhờ Cinema RAW Light. Cinema RAW Light 8K là công cụ tuyệt vời để phân loại và lưu trữ hậu kỳ, các tệp Cinema RAW Light được tối ưu hóa nhằm đạt được khả năng ghi 12 bit ở mọi tốc độ khung hình. Bên cạnh đó, nhờ ba chế độ Cinema RAW Light mới được phát triển (RAW HQ chất lượng cao, RAW ST chất lượng tiêu chuẩn và RAW LT ghi ảnh sáng), người dùng có thể chọn chế độ video RAW theo nhu cầu quay phim của mình. Ngoài ra, người dùng cũng có thể quay 5.9K ở chế độ Super 35mm và 2.9K ở chế độ Super 16mm ghi nội bộ vào thể Cfexpress.\r\n\r\n\r\n\r\n \r\n\r\nGhi đồng thời các định dạng tệp khác nhau\r\n\r\nBên cạnh Cinema RAW Light, R5C còn hỗ trợ định dạng XF-AVC dựa trên MXF cũng như MP4 rất linh hoạt. Canon EOS R5C có khả năng ghi đồng thời hai tệp video đọc lập ở nhiều độ phân giải khác nhau gồn 4K và HD, cũng như các tệp proxy nhẹ tiện lợi cho nhiều quy trình làm việc chuyên nghiệp khác nhau.\r\n\r\n\r\n\r\n \r\n\r\nChế độ ghi chuyển động nhanh và chậm lên tới 4K120p ở 4:2:2 10-bit\r\n\r\nCanon EOS R5C có thể quay phim Tốc độ khung hình cao (HFR) lên tới 120p ở độ phân giải DCI/ UHD 4K (4096 x 2160/ 3840 x 2160) mà không cần cắt xén cảm biến rất lý tưởng để quay những cảnh có nhiêu hành động tốc độ cao.\r\n\r\nTính năng tự động lấy nét nhanh và trực quan của R5C vẫn được bật ngay cả khi ghi HFR, khiến nó trở nên lý tưởng khi chụp từ gimbal hoặc máy bay không người lái, mang lại độ chính xác lấy nét vượt trội ở HFR hoặc ở tốc độ khung hình thông thường.','Mới 100% chính hãng, nhập khẩu, like new',9,0,'professional','canon',NULL),(25,'Canon EOS R7',25900000,'dcee0a65-2568-4f66-ab84-69f92266292e.jpg','Là sự kết hợp lý tưởng giữa hiệu suất và tính di động, EOS R7 đại diện cho bước chuyển mình của Canon sang APS-C với hệ thống không gương lật R. Với cảm biến CMOS 32,5MP và xử lý DIGIC X, chiếc máy ảnh kiểu dáng đẹp này có khả năng chụp tốc độ cao 30 khung hình/giây cho thể thao và động vật hoang dã, đồng thời có hệ thống lấy nét Dual Pixel CMOS AF II nổi tiếng để theo kịp và theo dõi các đối tượng chuyển động nhanh. Và, đối với trình tạo hình ảnh đa phương tiện, video 4K được hỗ trợ ở tốc độ lên đến 60p hoặc 30p khi được lấy mẫu quá mức từ vùng 7K, cũng như Full HD ở tốc độ lên đến 120 khung hình/giây.\r\n\r\nCảm biến CMOS APS-C 32,5MP và xử lý DIGIC X\r\nAPS-C đi kèm với EOS R\r\n\r\nCân bằng độ phân giải, tốc độ và hiệu suất ánh sáng yếu, cảm biến CMOS APS-C 32,5MP là một con chip linh hoạt hoàn hảo cho cả ứng dụng ảnh và video. Là một trong những cảm biến APS-C đầu tiên trong hệ thống EOS R, thiết kế độ phân giải cao của R7 mang lại lợi ích cho các nhiếp ảnh gia cũng như video 4K bằng cách cung cấp vùng 7K cho cảnh quay lấy mẫu, giúp cải thiện độ sắc nét và chất lượng.\r\n\r\nBộ xử lý DIGIC X\r\n\r\nĐược thừa hưởng từ R3, R7 có bộ xử lý hình ảnh DIGIC X để thực hiện nhiều tác vụ tốc độ cao, từ chụp liên tục nhanh đến quay video độ phân giải cao. Về khả năng chụp tốc độ cao, R7 hỗ trợ chụp liên tục lên đến 30 khung hình/giây với màn trập điện tử im lặng hoặc 15 khung hình/giây với màn trập cơ học, với các chỉ số AF và AE trước mỗi khung hình. Bộ xử lý cũng giúp nhận ra dải nhạy sáng rộng từ ISO 100-32000, có thể mở rộng lên đến ISO 51200 để làm việc trong các điều kiện ánh sáng khó khăn.\r\n\r\nQuay video UHD 4K\r\n\r\nNgoài ảnh tĩnh, cảm biến của R7 còn cung cấp video nội bộ UHD 4K 60p có độ phân giải cao bằng cách sử dụng toàn bộ chiều rộng của cảm biến và khả năng làm việc với lấy mẫu 10 bit với Canon Log 3. Một khu vực ghi 7K cũng có thể được sử dụng để quay 4K được lấy mẫu lớn ở 30p để cải thiện độ sắc nét, giảm moiré và tiếng ồn thấp hơn. Và, để phát lại chuyển động chậm, ghi 120p được hỗ trợ ở độ phân giải lên đến Full HD.\r\n\r\nCũng có thể ghi HDR-PQ cho sản xuất HDR trong máy ảnh và ghi ngoài máy ảnh, thông qua cổng micro-HDMI, hỗ trợ đầu ra 4K rõ ràng ở tốc độ lên đến 60 khung hình/giây. Ngoài ra, có thể ghi âm không giới hạn thời gian và R7 có cả cổng mic và tai nghe, cũng như một chiếc giày đa chức năng để tương thích với nhiều phụ kiện.\r\n\r\nTự động lấy nét và ổn định hình ảnh\r\nDual Pixel CMOS AF II\r\n\r\nĐược tiếp nối từ EOS R3, hệ thống Dual Pixel CMOS AF II tiên tiến có 651 điểm AF tự động bao phủ toàn bộ vùng cảm biến, cho hiệu suất lấy nét nhanh hơn, nhạy hơn và chính xác hơn. Hệ thống lấy nét theo pha này cũng có khả năng phát hiện và theo dõi đối tượng nâng cao, với khả năng nhận dạng thông minh người, động vật và phương tiện và theo dõi sẽ tự động khóa vào các đối tượng này và duy trì lấy nét sắc nét trong suốt quá trình chụp liên tiếp. Giới hạn độ sáng thấp của Dual Pixel AF II lấy nét xuống mức -5 EV ấn tượng để lấy nét chính xác ngay cả trong điều kiện ban đêm.\r\n\r\nBộ ổn định hình ảnh cảm biến nghiêng\r\n\r\nBộ ổn định hình ảnh trong cơ thể (IBIS) khắc phục tới 7 điểm dừng rung máy không mong muốn khi quay phim cầm tay, giúp quay phim cầm tay trong điều kiện ánh sáng yếu và giảm rung khi quay video. Hệ thống 5 trục này cũng có thể được sử dụng cùng với các ống kính có tính năng ổn định hình ảnh quang học để bù cho hiện tượng rung máy lên đến 8 điểm dừng tùy thuộc vào ống kính cụ thể được sử dụng.\r\n\r\nThiết kế thân máy\r\nEVF 2,36m-Dot và màn hình LCD cảm ứng đa góc\r\n\r\nKính ngắm điện tử OLED 2,36m-dot sáng, rõ nét được trang bị để xem độ phân giải cao ở cấp độ mắt. Công cụ tìm độ phóng đại 1,15x này được hưởng lợi bởi khả năng xử lý nhanh hầu như không có độ trễ và tốc độ làm mới 120 khung hình/giây nhanh chóng có thể được sử dụng để tạo ra chuyển động sống động, chân thực.\r\n\r\nNgoài EVF, màn hình LCD có thể thay đổi góc 3.0 inch cũng có sẵn và mang lại lợi ích khi làm việc ở các góc cao, thấp và trực diện. Vị trí linh hoạt được bổ sung bởi giao diện màn hình cảm ứng và độ phân giải 1,62m-dot rõ ràng cho phép phát lại sống động và giám sát xem trực tiếp.\r\n\r\nThiết kế chắc chắn và trực quan\r\nTham khảo EOS R3 cấp chuyên nghiệp, R7 được mô phỏng theo thiết kế vật lý mạnh mẽ và có kết cấu thân máy chống bụi và chống ẩm phù hợp để làm việc trong các điều kiện khắc nghiệt.\r\nCác điều khiển phía sau được thiết kế lại bao gồm một bộ chọn điểm AF kết hợp và bánh xe điều khiển phía sau, đặt hai trong số các điều khiển được sử dụng nhiều nhất vào một vị trí dễ tiếp cận duy nhất.\r\nKhe cắm thẻ nhớ SD kép cung cấp tính linh hoạt trong việc lưu tệp và cả hai đều được đánh giá về tốc độ thẻ UHS-II để hỗ trợ quay video 4K trôi chảy và chụp liên tục tốc độ cao.','Hàng đẹp, 95-98%, hoạt động tốt, like new',6,0,'intermediate','canon',NULL),(26,'Canon EOS R1',136000000,'83a5c3f8-f828-43e3-9fd4-a9b2a0c459ee.jpg','Canon EOS R1 là máy ảnh mirrorless full-frame cao cấp nhất của Canon, được thiết kế đặc biệt cho nhiếp ảnh gia chuyên nghiệp trong lĩnh vực thể thao, báo chí và động vật hoang dã. Với cảm biến stacked BSI 24.2MP, khả năng chụp liên tục 40fps, lấy nét thông minh và quay video 6K, đây là công cụ lý tưởng cho mọi tình huống đòi hỏi tốc độ, độ tin cậy và hiệu suất vượt trội. Những tính năng nổi bật của Canon EOS R1\r\nChụp liên tục siêu nhanh 40fps với màn trập điện tử, không mất khung ngắm\r\nLấy nét AI thông minh: nhận diện người, động vật, xe cộ và hành động thể thao\r\nQuay video 6K RAW & 4K 120fps, tích hợp workflow với Cinema EOS\r\nXử lý ảnh Deep Learning: nâng cấp nội bộ ảnh lên 96MP bằng AI\r\nThân máy chống chịu cao: hợp kim magie, chống bụi, chống nước, EVF chống mờ\r\nỨng dụng thực tế và đối tượng phù hợp\r\nCanon EOS R1 phù hợp cho:\r\n\r\nNhiếp ảnh gia thể thao, báo chí, động vật hoang dã chuyên nghiệp\r\nNhà quay phim, sản xuất nội dung chuyên sâu\r\nNhững ai cần hiệu suất cao trong môi trường khắc nghiệt\r\nỨng dụng tốt trong các tình huống:\r\nSự kiện thể thao tốc độ cao\r\nGhi hình tài liệu thiên nhiên\r\nQuay phim chuyên nghiệp với tiêu chuẩn broadcast\r\nChụp chân dung, thời trang, studio','Hàng mới chính hãng, nhập khẩu, 95%, 90%',4,0,'professional','canon',NULL),(27,'Sony Cine Line FX30',37000000,'70d4398f-93ee-482c-8916-ae3b7b96808e.jpg','Sony FX30 thuộc dòng Cine Line của Sony về camera quay phim, sở hữu thiết kế vô cùng gọn nhẹ, hỗ trợ ghi 4K120p, tùy chỉnh màu sắc S-Cinetone và S-Log3 cùng hàng loạt tính năng mới mẻ. Tận dụng sức mạnh của cảm biến APS-C mới được phát triển, Sony FX30 là chiếc máy ảnh đầy tham vọng giúp cho các nhà sáng tạo nội dung và nhà làm phim nâng cấp hành trình điện ảnh của họ lên tầm cao mới.\r\n\r\nThiết kế hiện đại\r\n\r\nVới trọng lượng chỉ khoảng 646g (bao gồm cả pin và thẻ nhớ), FX30 sở hữu thiết kế tối giản, đem lại cảm giác “phẳng” thú vị, độc đáo đến từ những đường cắt cùng hình khối máy tính tế của mình, cực kỳ phù hợp để quay chụp thủ công cầm tay hoặc thậm chí là sử dụng cùng gimbal. Phần báng tay cầm của chiếc mirrorless này cũng được làm mới nhằm đem đến độ linh hoạt, ổn định và thoải mái nhất cho người dùng trong các buổi ghi hình kéo dài.\r\n\r\n\r\n\r\nCác đặc trưng nổi bật\r\n\r\nCảm biến CMOS 26MP APS-C/Super35 Exmor R BSI\r\n\r\nHệ thống hình ảnh tiên tiến của FX30 tương đồng với các lựa chọn khác trong dòng máy Cine Line của Sony bao gồm chụp hình ảnh UHD 4K 10 bit chi tiết với tốc độ lên tới 120 khung hình/ giây, mang lại thông số kỹ thuật phù hợp cho một chiếc máy quay phim thực thụ.\r\n\r\n\r\n\r\nCảm biến 26MP APS-C Exmor R CMOS và bộ xử lý BIONZ XR mới được phát triển có thể tạo ra hình ảnh 4K chất lượng cao với vùng Super35 (16:9). Hệ thống này có khả năng chụp hơn 14 điểm dừng của dải động và được hưởng lợi từ cấu trúc Dual Base ISO để cải thiện hiệu suất ánh sáng yếu.\r\n\r\n \r\n\r\n\r\n\r\nKhả năng kiểm soát hình ảnh chuyên nghiệp\r\n\r\nVới FX30, các nhà làm phim dễ dàng chụp được những hình ảnh sẵn sàng xuất bản ngay lập tức thường dùng cho các dự án chó thời gian quay vòng nhanh với chất lượng cao và tính linh hoạt trong hậu kỳ nhờ vào một loạt các tùy chọn điều khiển hình ảnh như S-Cinetone, S-log3, HLG, Creative Looks,… hỗ trợ chỉnh màu tùy thích, đậm chất điển ảnh.\r\n\r\nỔn định hình ảnh 5 trục trong máy\r\n\r\nSony đã trang bị cho FX30 hệ thống ổn định hình ảnh 5 trục trong thân máy sẽ giúp tạo ra hình ảnh mượt mà ngay cả khi làm việc cầm tay. Có sẵn Active Mode kết hợp hệ thống quang học với tối ưu hóa kỹ thuật số để ghi lại những thước phim cực kỳ mượt mà.','Hàng mới tinh, đập hộp, new 100%',6,0,'advanced','sony',NULL),(28,'Fujifilm X-E2S',10000000,'b1ed2413-b8ec-4d98-9f62-469d79d92de1.jpg','Là một chiếc máy ảnh nhỏ gọn, đẹp cổ điển kết hợp Rangefinder, Fujifilm X-E2S có cảm biến 16,3 megapixel, APS-C, X-Trans CMOS II và Bộ xử lý EXR II để cung cấp hình ảnh chất lượng cao và hiệu suất máy ảnh vượt trội. Sự kết hợp giữa cảm biến và bộ xử lý cho phép phạm vi độ nhạy gốc từ ISO 200-6400, có thể mở rộng thêm lên ISO 100-51200. Cảm biến X-Trans độc quyền của Fujifilm sử dụng mảng pixel ngẫu nhiên độc đáo để tránh sử dụng bộ lọc thông thấp quang học làm giảm độ phân giải, do đó cung cấp hình ảnh với độ sắc nét và rõ ràng nhất.\r\n\r\nBên cạnh đó, hệ thống hình ảnh này được hưởng lợi bởi hệ thống Lấy nét tự động kết hợp thông minh, sử dụng cả phương pháp nhận diện theo độ tương phản và theo pha để lấy nét nhanh chóng và chính xác. Khả năng lấy nét bằng tay được nâng cao cũng là kết quả của những công nghệ này; Hình ảnh tách kỹ thuật số và Lấy nét làm nổi bật lấy nét là hai phương pháp để xác định tiêu điểm nhanh chóng và chính xác. Bộ xử lý EXR II cũng mang lại tốc độ hiệu suất nhanh cho tất cả các khía cạnh của máy ảnh, từ thời gian khởi động và độ trễ màn trập nhanh đến tốc độ chụp liên tục nhanh 7 khung hình/giây.\r\n\r\nĐể theo dõi hình ảnh, xem lại và điều hướng menu, cả kính ngắm điện tử OLED 2.360k điểm và màn hình LCD 3.0″ 1.040k điểm đều có sẵn. tấm của máy ảnh cũng như bảy nút có thể tùy chỉnh khác nhau và nút Q Menu để truy cập nhanh vào một số cài đặt hữu ích nhất. Sơ đồ điều khiển này còn cho phép hệ thống Wi-Fi tích hợp, trực quan để chia sẻ trực tiếp hình ảnh để chia sẻ tức thì Trực tuyến.\r\n\r\nCó thể quay phim Full HD 1080p ở nhiều tốc độ khung hình và đầu vào micrô 2,5mm cho phép sử dụng micrô bên ngoài tùy chọn để cải thiện chất lượng âm thanh khi ghi âm. Tính năng lấy nét liên tục toàn thời gian cũng được hỗ trợ trong khi quay video, cũng như sử dụng các chế độ Mô phỏng Phim. Chế độ Mô phỏng Phim sử dụng lịch sử sản xuất cả phim âm bản và phim chiếu của Fujifilm, đồng thời cho phép bạn áp dụng các đặc điểm của phim đó vào hình ảnh kỹ thuật số của mình để phù hợp hơn với giao diện mong muốn của bạn.','Hàng like new thị trường Nhật, 95-98%',4,0,'beginner','fujifilm',NULL),(29,'Nikon D90',2900000,'37129f41-73a0-4f13-9fc0-ae38429754c1.jpg','Hãy lựa chọn Nikon D90 bởi vì đây là chiếc máy ảnh kỹ thuật số với ống kính rời đầu tiên trên thế giới có khả năng quay video. Mang trong mình những ưu điểm nổi bật như quay video độ phân giải cao, lấy nét tự động AF 11 điểm với nhiều chế độ phù hợp với những điều kiện chụp khác nhau, cùng với đó cảm biến CMOS 12.3 M và bộ xử lý hình ảnh EXPEED cho hình ảnh mượt mà, với những thông số kỹ thuật trên chiếc máy ảnh Nikon D90 chắc chắn sẽ mang đến cho bạn những trải nghiệm thú vị nhất.\r\n\r\nNhưng bạn ngại rằng, với tài chính hiện tại của bản thân, bạn không thể “rước” nổi “em ấy” về nhà. Đừng lo lắng, đến với Máy ảnh Hoàng Tô, chúng tôi cung cấp dòng máy Nikon D90 cũ hàng xách tay giá tốt chỉ mới chụp gần nghìn shot hình. Liên hệ ngay Hotline: 0909860910 để được giải đáp mọi thắc mắc về máy ảnh Nikon D90.\r\n\r\nNikon D90 nổi bật như thế nào?\r\nTừ khi xuất hiện trên thị trường, máy ảnh Nikon D90 nhận được nhiều sự quan tâm từ người sử dụng nói chung và giới nhiếp ảnh nói riêng. Với thiết kế nhỏ gọn nhưng cấu hình cực khủng và màu sắc sản phẩm vô cùng thu hút khiến máy ảnh Nikon D90 được săn lùng và tìm kiếm nhiều hơn. Hơn nữa với ống kính và cảm biến khủng khiến máy ảnh Nikon D90 đảm bảo luôn mang đến cho bạn những bức hình đẹp nhất.\r\n\r\nNikon D90 nổi bật như thế nào\r\nNikon D90 nổi bật như thế nào\r\nKhả năng quay video độ phân giải cao (720 pixel)\r\nMáy ảnh Nikon D90 được trang bị cảm biến 12.3 triệu điểm ảnh vì vậy khi quay phim máy cho ra đời những thước phim chi tiết và rõ nét hơn những máy quay thông thường khác. Những đoạn phim được quay bởi Nikon D90 có chất lượng lên tới độ phân giải HD 720p. Và giống với những mẫu máy ra đời gần đây, thì Nikon D90 cũng được trang bị LiveView, tính năng này càng nổi trội hơn khi máy được trang bị màn hình rộng đến 3 inch với độ phân giải tới 920.000 điểm ảnh.\r\n\r\nKhả năng quay video độ phân giải cao (720 pixel)\r\nKhả năng quay video độ phân giải cao (720 pixel)\r\nHệ thống lấy nét tự động (AF)\r\n11 điểm, với nhiều chế độ phù hợp với những điều kiện chụp khác nhau: chế độ lấy nét đơn điểm, lấy nét tại cái khu vực động, tại các khu vực tự do và một chế độ do Nikon phát triển mang tên 3D tracking. Điều này giúp nhiếp ảnh gia có thể dễ dàng làm chủ máy hơn.','Hãng trầy, cũ, xấu, hoạt động tốt',2,0,'beginner','nikon',NULL),(30,'Nikon D850',22790000,'5a5084e3-cad1-4036-8733-454de7531979.jpg','Nikon D850 là một máy ảnh đa phương tiện kết hợp các khả năng tĩnh mạnh mẽ cùng với bộ phim apt và ghi thời gian trôi. Xoay quanh cảm biến BSI CMOS 45,7MP được thiết kế mới và bộ xử lý hình ảnh EXPEED 5 đã được chứng minh, D850 được phân biệt rõ ràng bởi độ phân giải cao để ghi lại hình ảnh chi tiết.\r\n\r\nThiết kế chiếu sáng phía sau của cảm biến có thể thu được độ chi tiết và rõ nét hơn khi làm việc trong điều kiện ánh sáng yếu và cảm biến cũng bỏ qua bộ lọc thông thấp quang học để cải thiện độ sắc nét. Hoạt động cùng với cảm biến là bộ xử lý hình ảnh EXPEED 5, cùng nhau có tốc độ chụp liên tục 7 khung hình/giây cho tối đa 51 khung hình liên tiếp, phạm vi độ nhạy có thể mở rộng từ ISO 32 đến 102400 và quay video 4K UHD bằng cách sử dụng crop DX hoặc toàn bộ khu vực của cảm biến toàn khung hình.\r\n\r\nChế độ ghi thời gian trôi 8K cũng có sẵn, cũng như các chế độ ghi chuyên dụng bổ sung để số hóa âm bản phim và cho các ứng dụng xếp chồng tiêu điểm. Mang lại lợi ích cho khả năng chụp ảnh là hệ thống AF Multi-CAM 20K 153 điểm tiên tiến, được ra mắt với chiếc D5 hàng đầu và cung cấp 99 cảm biến kiểu chữ thập cho độ chính xác lấy nét tinh tế trong nhiều điều kiện ánh sáng. D850 không chỉ là một máy ảnh DSLR có độ phân giải cao mà còn là một máy ảnh cho tốc độ, phim và nhu cầu chụp thiếu sáng. đã ra mắt với chiếc D5 hàng đầu và cung cấp 99 cảm biến kiểu chữ thập cho độ chính xác lấy nét tinh tế trong nhiều điều kiện ánh sáng.\r\n\r\nNikon D850 không chỉ là một máy ảnh DSLR có độ phân giải cao mà còn là máy ảnh cho tốc độ, phim và nhu cầu chụp thiếu sáng. đã ra mắt với chiếc D5 hàng đầu và cung cấp 99 cảm biến kiểu chữ thập cho độ chính xác lấy nét tinh tế trong nhiều điều kiện ánh sáng. Kiểm tra một số hộp cho các nhà sản xuất hình ảnh đa phương tiện, D850 không chỉ là một máy ảnh DSLR có độ phân giải cao mà còn là máy ảnh cho tốc độ, phim và nhu cầu chụp thiếu sáng.\r\n\r\nBộ cảm biến BSI CMOS định dạng FX 45,7MP và Bộ xử lý EXPEED 5 Lần đầu tiên cho máy ảnh DSLR của Nikon, cảm biến BSI CMOS 45,7MP được sử dụng để chụp độ phân giải cao, chất lượng ánh sáng yếu ấn tượng và tốc độ đọc nhanh để có lợi cho việc chụp liên tục, phim và ghi lại thời gian trôi. Thiết kế được chiếu sáng phía sau của cảm biến giúp đầu ra có độ nhạy cao rõ ràng hơn để giảm nhiễu khi làm việc ở các giá trị ISO cao, lên đến ISO 25600 nguyên bản, cũng như chất lượng sống động và mượt mà ở độ nhạy thấp như ISO 64. Thiết kế của cảm biến cũng bỏ qua bộ lọc thông thấp quang thông thường để đạt được độ sắc nét và độ phân giải cao nhất từ ​​cảm biến.\r\nMang lại lợi ích cho cảm biến là bộ xử lý hình ảnh apt EXPEED 5, cung cấp nhiều tốc độ trên toàn hệ thống camera, bao gồm khả năng chụp liên tục ở tốc độ 7 khung hình / giây cho tối đa 51 tệp nén không mất dữ liệu 14 bit liên tiếp trong một lần chụp. Khi làm việc với kẹp MB-D18 tùy chọn và pin EN-EL18a / b, tốc độ chụp này có thể tăng lên 9 khung hình / giây và có thể chụp tối đa 30 khung hình / giây khi làm việc ở chế độ cắt DX trong Chế độ xem trực tiếp im lặng.\r\n\r\nHệ thống lấy nét tự động Multi-CAM 20K 153 điểm Bổ sung cho khả năng hiển thị và tốc độ của cảm biến hình ảnh là hệ thống Multi-CAM 20K AF mạnh mẽ, có tổng số 153 điểm phát hiện pha, bao gồm 99 cảm biến loại chéo để nhận dạng chủ thể được cải thiện và 55 điểm có thể lựa chọn để có khả năng sáng tác cao hơn sự tự do. Có lợi cho việc sử dụng ống kính siêu tele và bộ chuyển đổi từ xa, 15 điểm, bao gồm chín điểm có thể chọn, tương thích với khẩu độ hiệu quả f/8, và tất cả 153 điểm hỗ trợ làm việc với khẩu độ hiệu quả f / 5.6 hoặc sáng hơn.\r\nQuản lý sự phong phú của các điểm lấy nét là một công cụ AF chuyên dụng, cung cấp thời gian phản hồi nhanh để theo dõi các đối tượng chuyển động nhanh và ngẫu nhiên, ngay cả ở tốc độ chụp 7 khung hình / giây hàng đầu. Công cụ AF cũng góp phần tăng cường độ nhạy lấy nét, với tất cả các điểm có khả năng lấy nét -4 EV để làm việc trong các tình huống rất tối, độ tương phản thấp.','Mới xách tay, like new, cũ hoạt động tốt',5,0,'advanced','nikon',NULL),(31,'Sony A9 Mark II',48000000,'9da39d40-bae8-4a23-93b7-ec867deffb91.jpg','Là thế hệ thứ hai của Sony A9 mạnh mẽ, máy ảnh Sony A9 II thừa hưởng bộ tính năng ấn tượng của thiết bị tiền nhiệm và được bổ sung thêm khả năng kết nối nâng cao làm tăng hiệu suất làm việc. Bên cạnh đó, với cảm biến CMOS xếp chồng Exmor RS BSI full-frame 24,2MP và bộ xử lý BIONZ X máy có khả năng chụp ảnh đặc biệt nhanh.\r\n\r\n\r\n\r\nThiết kế thân máy\r\n\r\nSony A9 mark II có thiết kế gần giống với Sony A9 nhưng được cải tiến thêm một chút nhằm nâng cấp khả năng chống chịu thời tiết. Với thân máy được làm từ hợp kim magie, máy ảnh có khả năng chống bụi bẩn, có thể hoạt động trong nhiều điều kiện môi trường và thời tiết khắc nghiệt từ 0 độ đến 40 độ C. Ngoài ra, máy được bổ sung miếng đệm xung quanh khe lắp pin, thẻ nhớ và các cổng kết nối giúp ngăn chặn tối đa sự xâm nhập của nước.\r\n\r\n\r\n\r\n \r\n\r\nCác đặc trưng nổi bật\r\n\r\nCảm biến CMOS 24.2 MP và bộ xử lý hình ảnh BIONZ X\r\n\r\nLà sản phẩm hướng đến nhóm nhiếp ảnh chuyên dụng, A9 II hướng đến việc chụp ảnh tốc độ cao nhờ trải nghiệm chụp ảnh không bị chớp đen, giúp việc nắm bắt đối tượng chuyển động dễ dàng hơn. Sony A9 mark II sử dụng cảm biến Exmor RS CMOS 24,2MP full-frame cùng bộ xử lý BIONZ X mang lại hiệu suất nhanh và ấn tượng. Cảm biến 24.2 MP của A9 II với công nghệ Stacked BSI-CMOS tích hợp bộ nhớ đệm bên trong được xử lý dữ liệu bởi engine tốc độ cao trước khi đưa đến bộ xử lý hình ảnh chính là BIONZ X. Bộ xử lý hình ảnh cũng được tăng lực nhờ chip Front-end LSI.\r\n\r\n\r\n\r\nChụp liên tục tốc độ cao tới 20 hình/ giây\r\n\r\nCảm biến Exmor RS full-famre đột phá và bộ xử lý BIONZ X cho phép chụp liên tục tối đa 20 hình/ giây với tính năng theo dõi AF/AE. Hiệu suất tốc độ cao ấn tượng và bộ nhớ đệm mạnh mẽ cho phép bạn bắt trọn từng khoảnh khắc quan trọng.\r\n\r\n\r\n\r\nKhả năng tự động lấy nét\r\n\r\nBao phủ 93% diện tích hình ảnh, hệ thống Lấy nét tự động Fast Hybrid kết hợp 693 điểm lấy nét theo pha cùng với 425 vùng nhận diện độ tương phản để lấy nét nhanh chóng và chính xác trong nhiều điều kiện ánh sáng khác nhau với độ nhạy xuống tới -3 EV. Mật độ điểm lấy nét từ hệ thống lấy nét tự động lai này cũng cho phép Công nghệ lấy nét tự động theo dõi mật độ cao, có khả năng theo dõi chủ thể chuyển động trong nhiều điều kiện ánh sáng khác nhau.\r\n\r\n\r\n\r\nỔn định hình ảnh 5 trục SteadyShot Inside\r\n\r\nA9 II tích hợp hệ thống ổn định hình ảnh SteadyShot INSIDE 5 trục hiệu quả nâng cao 5,5 điểm dừng, giúp bù cho năm loại rung máy khác nhau thường gặp phải khi chụp ảnh tĩnh và quay video ở chế độ cầm tay. Điều này cho phép người dùng tự tin sử dụng bất kỳ ống kính nào, ngay cả những ống kính được điều chỉnh, để chụp ảnh quan trọng mà không gặp phải hiện tượng mờ do rung máy.','Hàng lướt, 3k shots, hoạt động tốt',2,0,'professional','sony',NULL),(32,'Fujifilm X100F',18500000,'6b506aca-a0cb-457b-bbca-baaf71b5f767.jpg','kết hợp một loạt các khả năng chụp ảnh tiên tiến trong khi vẫn giữ lại thiết kế nhãn hiệu và tài sản xử lý trực quan. Đáng chú ý nhất, FUJIFILM X100F có cảm biến 24.3MP APS-C X-Trans CMOS III và bộ vi xử lý hình ảnh X-Processor Pro để nhận ra các ảnh tĩnh có độ phân giải cao, có độ phân giải cao với độ nhạy mở rộng đến ISO 51200.\r\n\r\nỐng kính Fujinon 23mm f / 2 ống kính cung cấp một tiêu cự tương đương góc rộng 35mm tương đương rộng, và thiết kế quang học của nó sử dụng kính hình cầu để tạo ra hình ảnh sắc nét trong khi lớp phủ Super EBC chống cháy và bóng mờ. Được hưởng lợi trong nhiều tình huống chụp khác nhau, một hệ thống lấy nét tự động lai được nâng cao hiện nay sử dụng tổng số 91 điểm, bao gồm 49 điểm phát hiện pha, để lấy nét nhanh, chính xác.\r\n\r\nBổ sung các thông số hình ảnh là một loạt các thuộc tính vật lý là dấu hiệu của X100-series. Kính ngắm Hybrid tiên tiến, có thể nhìn thấy cả phương tiện xem quang học và điện tử theo cách có thể chuyển đổi, được cập nhật với độ phóng đại có thể điều chỉnh cho chức năng rangefinder điện tử để điều khiển lấy nét thủ công chính xác hơn.\r\n\r\nNgoài ra, thân máy cũng có thể quay số ISO vật lý, được tích hợp trong quay số tốc độ màn trập và quay số bù phơi sáng hiện tại có thể được đặt ở vị trí C cho phạm vi điều chỉnh tăng +/- 5. Mặt sau của máy ảnh nhìn thấy sự bao gồm của một đòn bẩy lấy nét để lựa chọn điểm lấy nét nhanh hơn, và phần lớn các nút điều khiển, nút bấm và mặt số đã được di chuyển sang bên phải để sử dụng một tay dễ dàng hơn.','Cũ hoạt động tốt, khá, trầy 90%',4,0,'intermediate','fujifilm',NULL),(33,'Fujifilm X-H1',16000000,'c8bc4796-b931-4152-8d03-77e7ac85fbc9.jpg','Cung cấp nhiều tính năng bên trong lớp vỏ bằng hợp kim magiê bền bỉ cùng thân máy được thiết kế cực kỳ đẹp, Máy ảnh Mirrorless FUJIFILM X-H1 Mới Chính Hãng định vị bản thân như một lựa chọn hàng đầu cho việc quay phim và video chuyên nghiệp.\r\n\r\nĐược trang bị cảm biến hình ảnh X-Trans CMOS III 24.3MP APS-C và X-Processor Pro Engine, máy ảnh này cho phép bạn chụp ảnh chất lượng cao một cách nhanh chóng và độ nhiễu thấp ở độ nhạy lên đến ISO 51200. Một triển khai chính là – hệ thống ổn định hình ảnh 5 trục của mọi người, lần đầu tiên cho máy ảnh X-Series, có thể bù tới 5,5 điểm dừng tốc độ màn trập để tạo ra hình ảnh sắc nét ngay cả khi có ít ánh sáng.\r\n\r\n\r\nTrong bộ phận video, FUJIFILM X-H1 cung cấp khả năng quay DCI 4K ở tốc độ 24 khung hình / giây và tốc độ bit tăng 200 Mb / giây cho các cảnh quay nội bộ. Chuyển động chậm có thể đạt được ở chế độ video tốc độ cao tự hào với video Full HD 1080p với tốc độ lên tới 120 khung hình / giây.\r\n\r\nCảm biến X-Trans CMOS III 24.3MP APS-C Sử dụng mảng pixel ngẫu nhiên, độc đáo của FUJIFILM, cảm biến 24.3MP APS-C X-Trans CMOS III mang lại chất lượng hình ảnh và độ sắc nét cao do bỏ qua bộ lọc thông thấp quang học. So với các mẫu pixel thông thường, thiết kế X-Trans mô phỏng gần hơn bản chất hữu cơ của phim để tạo ra các sắc thái và chuyển tiếp tông màu mượt mà, đồng thời giảm hiện tượng moiré và răng cưa.\r\nBộ xử lý X Ngoài việc giúp chụp ảnh thiếu sáng với phạm vi độ nhạy có thể mở rộng tới ISO 51200, X-Processor Pro còn góp phần mang lại hiệu suất nhanh trên toàn hệ thống camera, bao gồm thời gian khởi động 0,4 giây, tốc độ chụp liên tục 14 khung hình / giây khi làm việc với một màn trập điện tử, hoặc 8 khung hình / giây với một màn trập cơ học.\r\nVideo DCI 4K và Full HD Ngoài khả năng chụp ảnh tĩnh, X-H1 cung cấp tùy chọn quay video nội bộ DCI 4K ấn tượng. Nó ghi lại đoạn phim có độ phân giải cực cao 4096 x 2160 này với tốc độ bit lên tới 200 Mb / giây. DCI 2K cũng có thể, và máy ảnh này có micrô 24 bit / 48 kHz tích hợp chất lượng cao cũng như giắc cắm 3,5 mm cho các giải pháp âm thanh tiên tiến hơn. Quay phim Full HD cũng được hưởng lợi từ khả năng quay video của máy ảnh, với nhiều tốc độ khung hình có sẵn lên tới 120 khung hình / giây cho khả năng chuyển động chậm đáng chú ý.','Cũ hoạt động tốt, khá, like new đẹp',9,0,'advanced','fujifilm',NULL),(34,'Fujifilm X-Pro 3',29000000,'750f1d43-dadf-473e-90a0-a3990383397a.jpg','Là một chiếc máy ảnh kỹ thuật số được thiết kế theo đặc tính của máy ảnh phim, FUJIFILM X-Pro3 là ​​một chiếc máy ảnh không gương lật độc đáo được đặc trưng bởi thiết kế kính ngắm khác biệt, màn hình LCD ẩn và thiết kế lấy cảm hứng từ máy đo khoảng cách với lớp hoàn thiện màu đen. Về hình ảnh, X-Pro3 có cảm biến X-Trans CMOS 4 26.1MP định dạng APS-C cùng với X-Processor 4, cho phép chụp ảnh tĩnh độ phân giải cao và quay video DCI / UHD 4K. Cảm biến và bộ xử lý cũng cho phép dải nhạy sáng ISO 160-12800 để làm việc trong nhiều điều kiện ánh sáng khác nhau.\r\n\r\n\r\n\r\nThiết kế cổ điển đẹp mắt\r\n\r\nBên cạnh khả năng chụp ảnh, điểm mạnh của X-Pro3 còn nằm ở thiết kế ngoài tinh tế, bao gồm kính ngắm đa năng kết hợp cả kính ngắm quang học và kính ngắm điện tử OLED 3,69m chấm. Hai phương tiện xem này có thể được chuyển đổi ngay lập tức bằng cần gạt chuyên dụng ở mặt trước của máy ảnh và cho phép bạn lựa chọn giữa sự đơn giản và tốc độ của OVF so với độ chính xác và tính linh hoạt của EVF. X-Pro3 cũng có thiết kế LCD phía sau được cập nhật, với màn hình cảm ứng nghiêng 180 ° ẩn có độ phân giải 1,62m-dot. Thiết kế màn hình gập xuống độc đáo giữ cho màn hình 3.0″ lớn hơn ẩn vào thân máy khi không sử dụng và hiển thị cài đặt phụ nhỏ hơn khả dụng trong khi chụp. Thiết kế này cho phép phương pháp chụp đơn giản hơn, hợp lý hơn và không bị cản trở giúp bạn luôn thoải mái. Ngoài ra, X-Pro3 cũng có Wi-Fi và Bluetooth tích hợp để chia sẻ không dây và điều khiển từ xa, đồng thời có khe cắm thẻ nhớ SD kép để lưu tệp linh hoạt.\r\nĐánh giá:\r\n\r\nƯu điểm:\r\nKính ngắm lai độc đáo.\r\nCấu tạo bằng titan chống bụi và chống bắn tóe.\r\nChụp ảnh vượt trội và tự động lấy nét.\r\nHình ảnh dựng phim và xử lý raw.\r\nVideo 4K 200Mbps nội bộ.\r\nCòn hạn chế:\r\nGiá cả còn cao so với mặt bằng chung người dùng.\r\nMàn hình ẩn phía sau bị phân chia.\r\nBản Dura chi phí cao hơn và dễ bị hấp thụ dầu.','Hàng đã xài, đẹp, hoạt động tốt, trơn tru',4,0,'intermediate','fujifilm',NULL),(35,'Fujifilm GFX 100RF',124000000,'5968ab26-5b97-4ae4-8732-cd1333714d8b.jpg','Fujifilm GFX 100RF là chiếc máy ảnh đột phá, kết hợp cảm biến medium format 102MP mạnh mẽ với thiết kế rangefinder nhỏ gọn, tất cả trong một. Đây là lựa chọn tối ưu cho những nhiếp ảnh gia đường phố, du lịch và những người yêu thích sự tự do, ngẫu hứng, tìm kiếm sự pha trộn hoàn hảo giữa chất lượng hình ảnh tinh tế và thiết kế tối giản, dễ sử dụng.\r\n\r\n \r\n\r\nThông số kỹ thuật chi tiết Fujifilm GFX 100RF\r\nLoại máy: Máy ảnh Mirrorless Digital Medium Format\r\nĐộ phân giải cảm biến: 102 Megapixel (11.648 x 8.736)\r\nKích thước cảm biến: 43.8 x 32.9 mm (Medium Format) CMOS BSI\r\nKhả năng quay video: DCI/UHD 4K lên đến 30p (10-bit), Full HD lên đến 60p. Hỗ trợ ghi nội bộ H.264/H.265 và ProRes 422 qua SSD ngoài.\r\nỐng kính tích hợp: 35mm f/4 (tương đương 28mm trên Full-Frame)\r\nHệ thống lấy nét: Intelligent Hybrid AF\r\nMàn hình: LCD 3.2 inch, 2.1 triệu điểm ảnh, cảm ứng, lật 3 chiều\r\nKính ngắm: OLED EVF 5.76 triệu điểm ảnh, độ phóng đại 0.84x\r\nISO: Ảnh: 80-12.800 (mở rộng 40-102.400); Video: 100-12.800 (mở rộng 100-25.600)\r\nTốc độ chụp liên tiếp: Lên đến 6 khung hình/giây\r\nKết nối: Wi-Fi 5 (802.11ac), Bluetooth 4.2, USB-C, Micro-HDMI, cổng tai nghe/microphone 3.5mm\r\nPin: NP-W235 Lithium-Ion, khoảng 820 ảnh mỗi lần sạc\r\nTrọng lượng: 735g (bao gồm pin và thẻ nhớ)\r\nKích thước: 133.5 x 90.4 x 76.5 mm\r\nKhe thẻ nhớ: 2x SD/SDHC/SDXC (UHS-II)\r\nTính năng đặc biệt: Cần gạt Digital Teleconverter, Vòng xoay tỷ lệ khung hình chuyên dụng, ND filter 4 stop tích hợp, màn trập lá.\r\nNhững tính năng nổi bật của Fujifilm GFX 100RF\r\nFujifilm GFX 100RF không chỉ là một chiếc máy ảnh, đó là một công cụ sáng tạo mạnh mẽ với những ưu điểm vượt trội:\r\n\r\nCảm biến Medium Format 102MP đỉnh cao: Mang lại độ phân giải, dải tần nhạy sáng và khả năng tái tạo màu sắc vượt trội, cho ra những tệp ảnh RAW 16-bit và HEIF 10-bit với chi tiết không tưởng, lý tưởng cho in ấn khổ lớn và crop linh hoạt.\r\nThiết kế Rangefinder nhỏ gọn, tiện lợi: Với thân máy mỏng nhẹ (chỉ 735g) và ống kính 35mm f/4 tích hợp, Fujifilm GFX 100RF là người bạn đồng hành hoàn hảo cho những chuyến đi, chụp ảnh đường phố hay đơn giản là mang theo hàng ngày, mang lại sự ngẫu hứng và thoải mái tối đa.\r\nTích hợp ống kính 35mm f/4 góc rộng đa năng: Tương đương 28mm trên full-frame, đây là tiêu cự lý tưởng cho nhiều thể loại từ phong cảnh, kiến trúc, đường phố đến chụp tài liệu, thậm chí cả cận cảnh với khoảng cách lấy nét tối thiểu chỉ 20cm.\r\nCần gạt Digital Teleconverter và Vòng xoay tỷ lệ khung hình: Dễ dàng chuyển đổi giữa các tiêu cự tương đương 45mm, 63mm, 80mm thông qua tính năng Digital Teleconverter mà vẫn giữ độ phân giải cao, cùng với 9 tùy chọn tỷ lệ khung hình đa dạng, mở ra cánh cửa sáng tạo không giới hạn.\r\nND Filter 4 Stop và màn trập lá tích hợp: Cho phép kiểm soát phơi sáng linh hoạt trong điều kiện ánh sáng mạnh và khả năng đồng bộ đèn flash tốc độ cao lên đến 1/4000 giây, hỗ trợ tối đa cho các kỹ thuật nhiếp ảnh sáng tạo.\r\n20 Chế độ giả lập phim FUJIFILM: Khám phá toàn bộ bảng màu huyền thoại của FUJIFILM với 20 chế độ giả lập phim độc đáo, từ Provia sống động đến Eterna Bleach Bypass đầy kịch tính, giúp bạn thể hiện phong cách cá nhân ngay từ trong máy.','Hàng mới 100% chính hãng, nhập khẩu, like new',6,0,'professional','fujifilm',NULL),(48,'Fujifilm X-S10',23900000,'7a029b4a-b9d9-4ec0-aec6-2667daf252b3.jpg','Máy ảnh FUJIFILM X-S10 cũ\r\nlà một chiếc máy ảnh không gương lật kiểu dáng đẹp và nhiều tính năng hiện đại. Cung cấp các tính năng chụp ảnh và quay phim, X-S10 kết hợp yếu tố hình thức di động với các công cụ cần thiết để tạo nội dung hàng ngày.\r\n\r\nCảm biến 26.1MP APS-C X-Trans BSI CMOS và X-Processor 4\r\n\r\nThể thao một cảm biến linh hoạt và đã được chứng minh, X-S10 có cảm biến APS-C-C-C-X-Trans CMOS 4 26.1MP, có thiết kế chiếu sáng phía sau để có được âm sắc và màu sắc mượt mà, cải thiện hiệu suất ánh sáng yếu và phạm vi độ nhạy gốc rộng ISO 160-12800. Là một cảm biến X-Trans, nó cũng sử dụng một mảng pixel ngẫu nhiên, cung cấp chất lượng hình ảnh và độ sắc nét cao do bỏ qua bộ lọc thông thấp quang học. So với các mẫu pixel thông thường, thiết kế X-Trans mô phỏng chặt chẽ hơn bản chất hữu cơ của phim để tạo ra màu sắc và chuyển tiếp âm sắc có sắc thái, đồng thời giảm hiện tượng moiré và răng cưa.\r\n\r\nThiết kế của cảm biến cũng bao gồm hệ thống lấy nét tự động theo pha mở rộng, có 425 điểm có thể lựa chọn bao phủ gần như toàn bộ khu vực cảm biến. Hệ thống AF này mang lại hiệu suất lấy nét nhanh hơn, chính xác hơn trong nhiều điều kiện ánh sáng xuống -6 EV. Bổ sung cho khả năng chụp ảnh và lấy nét là X-Processor 4, có CPU lõi tứ và mang lại hiệu suất nhanh hơn, phản hồi nhanh hơn trong toàn bộ hệ thống máy ảnh, bao gồm tốc độ chụp 8 khung hình / giây độ phân giải đầy đủ với màn trập cơ học, tốc độ 20 khung hình / giây với màn trập điện tử hoặc tốc độ 30 khung hình / giây với màn trập điện tử và xén 1,25x.\r\n\r\nỔn định hình ảnh trong thân máy\r\n\r\nTính năng ổn định hình ảnh dịch chuyển cảm biến 5 trục tích hợp giúp giảm thiểu sự xuất hiện của hiện tượng rung máy lên đến 5 điểm dừng. Hệ thống này hoạt động cùng với hầu hết các ống kính Dòng X, bao gồm cả các ống kính không ổn định và có lợi khi làm việc với tốc độ cửa trập chậm hơn và khi chụp trong điều kiện ánh sáng khó khăn. Ngoài ra, tính năng ổn định hình ảnh kỹ thuật số 4 trục cũng có thể được sử dụng trong quá trình quay video để hỗ trợ thêm cho cảnh quay ổn định, đặc biệt là khi quay ở chế độ cầm tay.\r\n\r\nQuay video DCI và UHD 4K\r\n\r\nNgoài ảnh tĩnh, X-S10 còn cung cấp một loạt khả năng video linh hoạt, bao gồm quay phim DCI / UHD 4K nội bộ với tốc độ lên đến 30 khung hình / giây và quay phim Full HD lên đến 240 khung hình / giây để phát lại chuyển động cực chậm. Mang lại lợi ích to lớn cho hiệu suất video tổng thể, tốc độ của X-Processor 4 cho phép tốc độ đọc nhanh khi quay video và giúp giảm độ méo màn trập khi quay các đối tượng chuyển động. Ngoài ra, một cổng micro-HDMI cho phép ghi 10-bit 4: 2: 2 vào máy ghi bên ngoài tùy chọn để cải thiện chất lượng và máy ảnh có giắc cắm micrô 3,5 mm để ghi âm thanh cao cấp hơn.\r\n\r\nThiết kế sản phẩm\r\n\r\nKính ngắm điện tử OLED 2,36m-dot độ phân giải cao có độ phóng đại 0,62x cho tầm nhìn sáng và rõ nét ở tầm mắt.\r\n\r\nMàn hình LCD 1,04m-dot có thể thay đổi góc 3.0 “có thiết kế màn hình cảm ứng để thao tác và phát lại trực quan và thiết kế khớp nối có lợi rất nhiều khi làm việc từ các góc chụp cao và thấp. Thiết kế đa góc này cũng có nghĩa là bạn có thể đóng màn hình vào thân máy ảnh , ẩn nó khỏi tầm nhìn để chụp không bị phân tâm.\r\n\r\nMặc dù có thiết kế nhỏ gọn nhưng báng cầm tay phải lớn cho phép cầm nắm chắc chắn và ổn định để sử dụng thoải mái cả ngày.\r\n\r\nMặt trên tích hợp một loạt các nút điều khiển vật lý, bao gồm nút xoay chế độ phơi sáng chuyên dụng và hai mặt số trên cùng bổ sung, giúp kiểm soát nhanh chóng, trực quan các cài đặt máy ảnh và độ phơi sáng.\r\n\r\nCần điều khiển phía sau có sẵn để lựa chọn và chuyển đổi trực quan các điểm AF cũng như điều hướng menu và phát lại hình ảnh.\r\n\r\nKết nối Bluetooth và Wi-Fi tích hợp cho phép chia sẻ hình ảnh không dây với thiết bị di động hoặc sử dụng thiết bị để điều khiển máy ảnh từ xa.\r\n\r\nKhe cắm thẻ nhớ SD duy nhất hỗ trợ lên đến tiêu chuẩn UHS-I để lưu trữ tệp nhanh chóng và linh hoạt.\r\n\r\nPin NP-W126S đi kèm cung cấp khoảng 325 khung hình mỗi lần sạc.','Khá đẹp, đã sử dụng like new',3,0,'intermediate','fujifilm','27ddf613-9ca3-46c9-b977-d21d2b46ea97.glb'),(49,'Canon EOS RP',14900000,'e39deb1a-e1e3-41f7-870c-a64f2e82cc18.jpeg','Canon EOS RP (Body) Mới Chính Hãng cung cấp khả năng chụp ảnh linh hoạt cùng với yếu tố hình thức di động. Có cảm biến CMOS full-frame 26.2MP độ phân giải cao cùng với bộ xử lý hình ảnh DIGIC 8, cả video tĩnh và video UHD 4K đều có thể được ghi bằng phạm vi độ nhạy rộng, từ ISO 100-40000, để phù hợp với làm việc trong nhiều điều kiện ánh sáng khác nhau.\r\n\r\nChụp liên tục cũng được hỗ trợ lên tới 5 khung hình / giây để chụp các đối tượng chuyển động. Cảm biến cũng tạo điều kiện cho hệ thống Dual Pixel CMOS AF tiên tiến, với 4779 điểm phát hiện pha trên cảm biến có thể lựa chọn để lấy nét nhanh và chính xác trong khi chụp ảnh tĩnh và vận hành video.\r\n\r\nsBổ sung cho cảm biến và bộ xử lý, RP cũng trang bị kính ngắm điện tử OLED 2,36m chấm cùng với màn hình LCD cảm ứng vari góc 3.0 “1.04m dot phía sau để xem dễ dàng hơn từ các góc cao và thấp. Ngoài ra, Wi-Fi và Bluetooth cho phép điều khiển camera từ xa không dây cùng với chia sẻ hình ảnh trực tiếp với các thiết bị di động được liên kết.','Mới chính hãng, đã qua sử dụng 95%',5,0,'intermediate','canon','764e840d-2bb3-4c25-be52-9ae630fc1f5d.glb'),(50,'Canon M50 Mark II',15500000,'ac95e2c2-8d56-47d9-a405-79052ec43bec.png','TÍNH NĂNG CHÍNH:\r\n\r\nTính năng lấy nét tự động bằng mắt được cải tiến kết hợp với các chức năng truyền phát và video mới làm cho máy ảnh Canon EOS M50 Mark II mới trở thành một công cụ hình ảnh mạnh mẽ cho người tạo nội dung và người kể chuyện bằng hình ảnh\r\nLà sản phẩm tất cả trong một dành cho người tạo nội dung với các tính năng video được cải tiến và khả năng lấy nét tự động, EOS M50 Mark II là máy ảnh kỹ thuật số chất lượng cao,\r\nCải thiện lấy nét tự động bao gồm lấy nét tự động bằng mắt cho ảnh tĩnh và video, hỗ trợ quay video dọc.\r\nMàn hình cảm ứng LCD có thể thay đổi góc với nút quay video chạm mới được bổ sung và hẹn giờ quay phim để có trải nghiệm vlog tốt hơn\r\nKhả năng webcam chất lượng cao, khi được sử dụng với các dịch vụ tương thích, với phần mềm EOS Webcam Utility miễn phí hoặc đầu ra Clean HDMI\r\nKhả năng chạm vào màn hình để tự động lấy nét đối tượng của bạn trong khi nhìn qua EVF, giúp kiểm soát tiêu điểm chính của hình ảnh là ai','Hàng đẹp, hoạt động tốt, like new',5,0,'beginner','canon','8837dd43-7f32-49f9-b1b4-cb0cc725da41.glb');
/*!40000 ALTER TABLE `products` ENABLE KEYS */;
UNLOCK TABLES;

--
-- Table structure for table `roles`
--

DROP TABLE IF EXISTS `roles`;
/*!40101 SET @saved_cs_client     = @@character_set_client */;
/*!50503 SET character_set_client = utf8mb4 */;
CREATE TABLE `roles` (
  `id` int NOT NULL AUTO_INCREMENT,
  `name` varchar(100) COLLATE utf8mb4_unicode_ci NOT NULL,
  `description` varchar(255) COLLATE utf8mb4_unicode_ci NOT NULL,
  PRIMARY KEY (`id`),
  UNIQUE KEY `roles_name_key` (`name`)
) ENGINE=InnoDB AUTO_INCREMENT=5 DEFAULT CHARSET=utf8mb4 COLLATE=utf8mb4_unicode_ci;
/*!40101 SET character_set_client = @saved_cs_client */;

--
-- Dumping data for table `roles`
--

LOCK TABLES `roles` WRITE;
/*!40000 ALTER TABLE `roles` DISABLE KEYS */;
INSERT INTO `roles` VALUES (1,'ADMIN','Admin thì full quyền'),(2,'USER','User thông thường');
/*!40000 ALTER TABLE `roles` ENABLE KEYS */;
UNLOCK TABLES;

--
-- Table structure for table `session`
--

DROP TABLE IF EXISTS `session`;
/*!40101 SET @saved_cs_client     = @@character_set_client */;
/*!50503 SET character_set_client = utf8mb4 */;
CREATE TABLE `session` (
  `id` varchar(191) COLLATE utf8mb4_unicode_ci NOT NULL,
  `sid` varchar(191) COLLATE utf8mb4_unicode_ci NOT NULL,
  `data` mediumtext COLLATE utf8mb4_unicode_ci NOT NULL,
  `expiresAt` datetime(3) NOT NULL,
  PRIMARY KEY (`id`),
  UNIQUE KEY `Session_sid_key` (`sid`)
) ENGINE=InnoDB DEFAULT CHARSET=utf8mb4 COLLATE=utf8mb4_unicode_ci;
/*!40101 SET character_set_client = @saved_cs_client */;

--
-- Dumping data for table `session`
--

LOCK TABLES `session` WRITE;
/*!40000 ALTER TABLE `session` DISABLE KEYS */;
INSERT INTO `session` VALUES ('a416fLglJZmtdXQYcJ2Z5tdi7yRjS5BY','a416fLglJZmtdXQYcJ2Z5tdi7yRjS5BY','{\"cookie\":{\"originalMaxAge\":604800000,\"expires\":\"2026-05-21T08:23:21.885Z\",\"httpOnly\":true,\"path\":\"/\"}}','2026-05-21 08:23:21.885'),('R7f_PE32ZZpVQIvaWpaM1K76p_FkBM3A','R7f_PE32ZZpVQIvaWpaM1K76p_FkBM3A','{\"cookie\":{\"originalMaxAge\":604799999,\"expires\":\"2026-05-21T09:04:38.427Z\",\"httpOnly\":true,\"path\":\"/\"},\"passport\":{\"user\":{\"id\":32}}}','2026-05-21 09:04:38.427'),('X0flPpvCxqDxwToD7sYX6St0R0ECKix4','X0flPpvCxqDxwToD7sYX6St0R0ECKix4','{\"cookie\":{\"originalMaxAge\":604800000,\"expires\":\"2026-05-22T03:22:04.235Z\",\"httpOnly\":true,\"path\":\"/\"},\"passport\":{\"user\":{\"id\":32}}}','2026-05-22 03:22:04.235');
/*!40000 ALTER TABLE `session` ENABLE KEYS */;
UNLOCK TABLES;

--
-- Table structure for table `users`
--

DROP TABLE IF EXISTS `users`;
/*!40101 SET @saved_cs_client     = @@character_set_client */;
/*!50503 SET character_set_client = utf8mb4 */;
CREATE TABLE `users` (
  `id` int NOT NULL AUTO_INCREMENT,
  `username` varchar(255) COLLATE utf8mb4_unicode_ci NOT NULL,
  `password` varchar(255) COLLATE utf8mb4_unicode_ci NOT NULL,
  `fullName` varchar(255) COLLATE utf8mb4_unicode_ci DEFAULT NULL,
  `address` varchar(255) COLLATE utf8mb4_unicode_ci DEFAULT NULL,
  `phone` varchar(255) COLLATE utf8mb4_unicode_ci DEFAULT NULL,
  `accountType` varchar(255) COLLATE utf8mb4_unicode_ci NOT NULL,
  `avatar` varchar(255) COLLATE utf8mb4_unicode_ci DEFAULT NULL,
  `roleID` int NOT NULL,
  PRIMARY KEY (`id`),
  UNIQUE KEY `users_username_key` (`username`),
  KEY `users_roleID_fkey` (`roleID`),
  CONSTRAINT `users_roleID_fkey` FOREIGN KEY (`roleID`) REFERENCES `roles` (`id`) ON DELETE RESTRICT ON UPDATE CASCADE
) ENGINE=InnoDB AUTO_INCREMENT=33 DEFAULT CHARSET=utf8mb4 COLLATE=utf8mb4_unicode_ci;
/*!40101 SET character_set_client = @saved_cs_client */;

--
-- Dumping data for table `users`
--

LOCK TABLES `users` WRITE;
/*!40000 ALTER TABLE `users` DISABLE KEYS */;
INSERT INTO `users` VALUES (19,'acb@gmail.com','$2b$10$.AJafCm595irZmNNem4eRu9ohR/Egd/LCuOpPpgWyttJByCJlPT9O','Đỗ Hoài Nam','59 Pham Van Dong - Co Nhue23','0969969335','SYSTEM','da16409e-960f-418e-a843-09e0fec0e108.jpg',2),(21,'HienDX3@fpt.com','$2b$10$Gx7VFp2HZklzOt5Ebzx/vuiKNRbL2gTEezKBiDUliX68CZslXp/Q.','hien','89 pham van dong','0384644216','SYSTEM','',1),(23,'tester1@gmail.com','$2b$10$fG1j9Bm.X9QUxCRwmOkhLuEjqCPw7y.kkqdvSKB6ZugKkQfckxSLq','test','bac ninh','123321','SYSTEM','',2),(24,'tuan@gmail.com','$2b$10$orl6/mJelakCN.zC6HX9G.yZCj.rZtbu1fhkNQXj7VtjSU539KTKq','Bùi Anh Tuấn','Đà Nẵng','223311','SYSTEM','',2),(26,'pad0910004@gmail.com','$2b$10$h15CI9oL6tS0kOpNVVzJJuvcO.99QxBxWhbVi9RJd3/qqHSpETLs.','Đặng Phương Anh','Phượng Giáo - Lương Tài','0394616671','SYSTEM',NULL,2),(27,'hi@fpt.com','$2b$10$SCHZ22jVbIfVAF7Y/Gx/CutHL9ybj8ktzM1cRIFk6RvUJpCB8it8q','Nam Dong',NULL,NULL,'SYSTEM',NULL,2),(28,'liem@gmail.com','$2b$10$9MaI6ggSOHqws2.oK478JuOAgWRapyARWwAJT7.oas7CW9OUEXo4q','Le Van Liem','Pham Van Liem','0969116389','SYSTEM','4733d938-50f9-4d10-a2d9-986dbe0b8f67.jpg',1),(29,'hiendepzainn@gmail.com','$2b$10$.bXLZDzxIGkFC.kG.TtI3uDqRXz8yliyq8x29p8F7C0RQS0LHDuXG','Đinh Xuân Hiền','Tòa A6 - An Bình City, 232 Phạm Văn Đồng, phường Phú Diễn','0384644216','SYSTEM','e3cbf67a-7613-4340-80bc-38fa1951b333.jpg',2),(31,'HienDX34@fpt.com','$2b$10$zzaIygcpP7Wpc2m1o0NPN.hVGrIFpeHgQdhPDjVXT5XuKGMsBAIR2','hien','89 pham van dong222','0384644216','SYSTEM','',1),(32,'sondepzai@gmail.com','$2b$10$dOnfTiKUj/NqHSub2zTo0uW0qJwFiUY5bsG7tfuhU0D7jHaXvm/ra','Đinh Xuân Sơn','Bến xe Thứa','0982252776','SYSTEM','ff484218-eb7f-4003-a5ed-7203adda33c1.JPG',1);
/*!40000 ALTER TABLE `users` ENABLE KEYS */;
UNLOCK TABLES;
/*!40103 SET TIME_ZONE=@OLD_TIME_ZONE */;

/*!40101 SET SQL_MODE=@OLD_SQL_MODE */;
/*!40014 SET FOREIGN_KEY_CHECKS=@OLD_FOREIGN_KEY_CHECKS */;
/*!40014 SET UNIQUE_CHECKS=@OLD_UNIQUE_CHECKS */;
/*!40101 SET CHARACTER_SET_CLIENT=@OLD_CHARACTER_SET_CLIENT */;
/*!40101 SET CHARACTER_SET_RESULTS=@OLD_CHARACTER_SET_RESULTS */;
/*!40101 SET COLLATION_CONNECTION=@OLD_COLLATION_CONNECTION */;
/*!40111 SET SQL_NOTES=@OLD_SQL_NOTES */;

-- Dump completed on 2026-05-18 10:04:59
